German,2315029346
Brazilian,277499771
Thai,164921925
Danish,77454828
Emo,63829284
British,628648081
Matures,10965280032
Webcams,1617478252
Cuckold,921126180
Stockings,1600892854
Tits,2048144811
Babysitters,118364726
Cream Pie,1321060240
Hardcore,7467904364
POV,624442256
Interracial,2413003681
Softcore,433095152
Swingers,620037524
Pornstars,2817882581
Showers,254562789
Latin ,824672228
Handjobs,1379115604
Voyeur,1465621979
Face Sitting,185930109
Nipples,457466153
Gaping,206209655
Amateur,16936126267
Midgets,81680928
Gays,1431076408
Black and Ebony,2400086320
Bukkake,237783528
Gothic,34268075
French,1315010232
Old+Young,3021088778
Facials,1867890168
Hidden Cams,1835639362
Anal,6259642921
Ladyboys,246478310
Massage,622799451
Strapon,394719467
BBW,2679696085
Group Sex,3064436980
Femdom,776574884
Black Gays,216092643
Big Boobs,5036537879
Hentai,92862919
Funny,679773316
Japanese,3287575528
Turkish,409142260
Vintage,2884920209
Men,1572901777
Double Penetration,597401134
Beach,557828732
Indian,733717704
Upskirts,592523362
Redheads,661892030
Chinese,97914118
Grannies,1895725763
Teens,7687076348
Public Nudity,2028289622
Threesomes,1359760216
Gangbang,825510449
Sex Toys,1447782054
Foot Fetish,320356124
BDSM,1377953836
Flashing,776727151
Arab,920109676
Masturbation,3232646194
Latex,146636459
Brunettes,2209519358
Shemales,1224962709
Fingering,893981333
Korean,217314479
Squirting,664087634
Czech,182084375
Babes,3072287326
Cartoons,172683202
Hairy,2017845001
Russian,1022969117
MILFs,4538849955
Bisexuals,375407094
Asian,4366878377
Cumshots,4007911880
Italian,734686483
Blondes,2951356613
Spanking,288557925
Lesbians,3365947811
Blowjobs,4310837876
Celebrities,897471273
Close-ups,811330018
Swedish,70850979
Lingerie,352021376
