Chinese,892,97914118
French,9071,1315010232
Gangbang,7353,825510449
Emo,1046,63829284
Asian,34402,4366878377
Latex,2756,146636459
Softcore,7330,433095152
Voyeur,21780,1465621979
Hairy,13836,2017845001
Cream Pie,10370,1321060240
Masturbation,51976,3232646194
Black Gays,4834,216092643
Hentai,1031,92862919
Danish,699,77454828
Italian,3696,734686483
Czech,1538,182084375
Massage,3073,622799451
Cuckold,6402,921126180
Spanking,3511,288557925
Gaping,2959,206209655
Lesbians,35150,3365947811
Swedish,683,70850979
Bisexuals,3928,375407094
Thai,1192,164921925
Shemales,21688,1224962709
Public Nudity,16568,2028289622
Sex Toys,25276,1447782054
Bukkake,2980,237783528
Flashing,9406,776727151
Black and Ebony,32716,2400086320
Cumshots,46734,4007911880
Interracial,31676,2413003681
Babes,44389,3072287326
Big Boobs,53226,5036537879
Indian,4257,733717704
German,13000,2315029346
Showers,3520,254562789
Babysitters,672,118364726
Tits,21167,2048144811
Men,137197,1572901777
Old+Young,12534,3021088778
Hardcore,75250,7467904364
BDSM,15214,1377953836
Upskirts,11629,592523362
Strapon,4431,394719467
Matures,48096,10965280032
Japanese,18341,3287575528
Lingerie,6034,352021376
Stockings,15326,1600892854
Brunettes,30405,2209519358
Gothic,661,34268075
Pornstars,37837,2817882581
Handjobs,13662,1379115604
Gays,41613,1431076408
Squirting,7218,664087634
Midgets,397,81680928
Celebrities,8858,897471273
Vintage,20647,2884920209
POV,10654,624442256
Hidden Cams,16270,1835639362
Korean,947,217314479
Beach,3534,557828732
Arab,4421,920109676
Cartoons,1542,172683202
Teens,76688,7687076348
Facials,23114,1867890168
Latin ,16116,824672228
Ladyboys,7231,246478310
Webcams,39116,1617478252
Blowjobs,65050,4310837876
Foot Fetish,8733,320356124
MILFs,36359,4538849955
Amateur,223139,16936126267
Double Penetration,8972,597401134
Grannies,7157,1895725763
BBW,33421,2679696085
Anal,63762,6259642921
Close-ups,13611,811330018
Nipples,3771,457466153
Group Sex,21229,3064436980
Threesomes,17663,1359760216
British,7383,628648081
Face Sitting,2331,185930109
Femdom,9941,776574884
Redheads,7760,661892030
Blondes,38773,2951356613
Russian,6798,1022969117
Turkish,2281,409142260
Swingers,3086,620037524
Funny,4876,679773316
Brazilian,3813,277499771
Fingering,12266,893981333
