NA,1060
2403a91bfd5a28664071559d7a31375d2e017adb,737
310d4bdb2d17aba8cceaa03aa50a20be0aa287ba,650
3c786264009d499f4d67dea3487c0ec37dea5fc0,625
32b6ecffbe885f8940a8da79384ddb6ad8acb6b8,593
2df5e957997f58ca5054579d66cdfcc6ab93a7b2,580
97c2bce382e2b66fda88178d2e33d51544ef2c5f,539
047304dd76a44569ec3a51da2a19f1360530a858,528
7ae0479f75a50e69fd4adf03984d98b922fb9d19,526
0d2fd1cbee7df63611b6185ecb08caa8cb5819e8,523
d3007360ec804d5bc8786dded14a693b488b4e75,513
801e743855b2964dec4bd71d64afe0b3bf51346e,497
f5d522827ee46498e20d85271efdd6a9f8a985a1,484
6aabb27d6f0a18530b516079c7f0450d45e502da,479
7c731e8b681c3b400fb5efdcc3ea17295e58a1cd,471
d59d0f9d475a679066ff3d70bedebd1eaf056ad6,462
f3024d2ca6f5b2b2e554897d8be2fd30c03bc53f,459
9cafe3eacb6d679fc22c018c2112f894f7114aa7,433
7283fd53922cad6917b517bf43bd08bb42311131,430
64304f01a3b430e009242e02ae1179fdd2a080d0,412
d3d475d04b27b6d958f7b4530486b65b2a4fb019,407
7fdc562b0a22e1beabee9df714615addf17c2976,394
28f79a1fee2dd1771b771b18ad508a6c93611a9f,377
61f856861adf6855b5d119ec897ad78c92305bbf,375
9f2699a72278096dbb95871a366b6a0f6307def4,367
e993581f3b302c355682fdf9d867c4768dad1bea,356
134eeb02d23058727e83bcef573ace9e531ccfec,355
c94de45b051aacd916db450a0811975cda2ddc4a,340
e352ef55146801dc631ae3653258e96a0684c87f,335
2e0c0b75fd51bb596704f2ad1797109d091426c7,327
b81c752500b1a8461c0a590f2304149030b03413,326
93de15b743d499742f65a94d3a6fd5304b23058c,318
d668aa8d4f96a9688a225e65373c4588f4300200,315
0d0ebd5b9622e26f6ab234d3e0d389fc95ac8836,315
6003d4ab990ea2b5413db0256293074f94e85ee5,313
44cced259febe703fb188ebc95bb262c60687728,304
079f6ffcc0fc742c7f1c455e1359f666c3650c1c,301
1b37df5a7f81a37a64149858669a01d18078cb60,300
4a052a93f20f9b7a8ada279f3956beba78d34c5c,285
fbff619d2d6e76a259403a5c95acf8e1437bef11,274
bd01960951719b7edeaf0b28a421b62f685dd82b,273
e8cf8da4118277eed3760541a97fd96cc888da99,270
c04c8d70abf84d368f476b18d4a5b3f5a07fd3ca,270
3e90dd2f16ad6069b9eb5d3837e2bd24acf5dff9,268
a0214deb8a4c68e8c5cb773c9c9c2c7e8233d41d,265
19e253c2c2ee0f358cbbb420ed52179ac11b3020,265
746e0c8dd20c869f9ee353747188781877a9891f,263
79dd7182b85a8e1e284f67e9cb17a4fe06fdb7eb,260
03441f9fd1b5bca29cd4d87a1be8359a3c838b6b,259
baee73e9dae0c4bec8e9f9ff72209e671f43d1d2,253
f177943650e24f39c1bb552f7f9eb0b5c0e4dd07,252
68fc32e4e74df369b2cdbad924b7e78102708ff7,251
de64bc2abfa457710a9113c0c831c4124f408e47,251
f5a87c195640ae3043066f3ac61e0d03b9832e1d,249
cb7fe1ccf300da27677bdfc6f3631fada1613c4b,244
7cd6ed92b54986c1a2338c00a74bc23e9f7bc943,239
65a053b22d48c4373db0b9f1d86486da881a5789,237
e725e0dab683322884df6678c6d6771066df3eb3,236
ef22aaee3c611ca9266802661f42e8bc40028cd9,227
5dae27a5a2b50937f334810e46c83651b4e0b63c,220
d297711c7f3d9c3bc600c306a0b7ab4ff374ca65,218
2a27e9875bf1863b5180f3353d3943274ea7c835,213
2bae860db2dbe28664538ddeaea09270abb7d269,210
bdb425f591bec56511d814cfb051c4ffc0834eda,210
e7049085971692a7bcb2830daa0a6e2328d720d0,204
52a8d7fb0e4388c576d9cf8b792498eff265b0b7,202
f6e30ef0afb768d86f2914fcd01b642d54d5d9d1,202
992fddaf696e03f67afc8ab32ec85bc4d7aa0721,200
b22b800ce7816a28f4f1cf42c6ae5106fc15e126,200
e57a8a877bc2b797b6cb431788da61bb4d395a35,199
763c22c0822f340688a452a77ca8b90c5e2881a1,198
84560ff865402a77bfdae734706b7697d03fe977,197
004a28d92baac26e94fda0cd76fb9ee10e1e2b56,196
a9a455942d36bc87f0986205a6f12a1de6f9cbfa,192
da7daf91957d0d460d832514ddb89d73dd2f2043,192
052137ce575bbbe5fcf4a5d649085814747a85f6,192
0b1af294c227833adbc7ac31d5a04336affbd42e,190
30ae964618d59e16c3328aedf0c274f33a3319ff,190
6f386526adbb823ac3c4a3f4de2374d20cc9dc7f,188
439843e3814d2cfd243a7cceb824378b08e23794,188
35c51aa08264050216121c1a6bf627f2ed452cf2,186
3a4e89dfae75aec4d38f98e45fcef8a197660182,185
305a60030a6b922a9675cdd1438d24b875dd077c,184
d3386b1e8b217d17e180b42da01da9c74cd0d384,182
03c0304d5445f69dc9ded4265a1373816edc6fa6,181
f13ff079bbcd83158e79f17a17823e0f8b310a51,180
d30134fc98ede51a268d8dc65938745f5b14634b,176
9ade62169c879b32271f0a5516e392cb08e352ed,176
f8abf00f09eed3dd77819d433779c589d7bda7be,175
e70d90850d23c4b04db23a61f376c80f46bffe2d,174
44958ce4578bd76d475718479ddef17c035ec577,171
b5b62e67a528d73e91a4fd48f84e24e8ea134960,171
323ed416b7265ff470ae7ab6fe14c74f470c6c1c,166
9afb74faf4792753545a5010a8e3f1b178dfa234,164
9d6d08809d9e29342729eca1e483d5f9676f1e2b,164
42a9ebd92df6373b22be50c893fc259d028c5594,160
5744fa7cae1ca574f75e5a094f4c731d862361b5,159
ede7bafccf5a55178c1f0c620dff03fc9cb5de4d,158
51666654372d8ee203a0472808136d5bb24a847d,158
6424b69f556e3d6f4dbacc91cf7d40358f0e093e,156
c20ce0c287b87f00621747e5c47e3a826926d920,154
bb8f5db830ababb9a745bb05e06097b8fa443570,153
3ad510d7a73f8211edb52d0390fa0e0c9e4e9486,153
ab0e4c908da8306b48b338a474861cf2c2fc05f0,150
9d0c3087f3d27810e91131c9c9fe02ee06638c77,148
d269ec2d03b0aa70ecffe8663b542d34c1b26bbb,147
28e815b8f3e10d618da78fae79f36d357592b851,146
c4a5fb01a6322b4add53eee4ffd3fdfec755bcc5,145
5ddd21d800995b448a517b9ecf63340b667c1afd,145
a71ee0fa5485238ef97b6d1cd5ea6d917a5442a8,145
31e3fbb4e1cbd50d871b0fdf6c70a6384bd391dd,144
f1d5dcd32d140e9f5e57df38c183d54baf322946,144
f8cf9e2977b6e5b4ecb434eef036c6cd9cc77682,143
63f55ee45fa66bb2cac98a9bac2b4333bbb6af4a,143
64cbe0562e9845f75d13eb2c29f89135b5635142,141
c9c6fe82740e47530286492fd7badb1a2aeef0a1,141
45696e8f5860e8560b408abcc9d750bcbe1b7ec4,139
cfbef539532b21803d001966ba63b30f6f8c1789,139
d62eaef3a35f2f8e221956fb3a5b151bc4859430,136
7c711f446192ac4f84c3ebc81cf6017951383d52,135
363c5475cf65acafb858e8af8d4bd36323035e43,135
505bbea8db12a889673b801b2c93b5d69a8780e9,135
d7a8418316dbfc77e686aba76ebda7c0e9e6f56d,134
7cb6e14c6685f85975a544e5b422b0c3fcc70963,133
ca11e77b5954be6614d4f9680643aefba3813fdf,131
c41aa327a58cfc6df284d213e0153c420c172fc0,131
8c99c3a9284e493be632950b84cd789d08ed3e9d,131
84ae8384129f440555f04f6e1ffa8ed0cc6722dd,131
4e7761a825622b06a762d68d2d6e1852291852b2,129
a50c5c414c5c7324389589a15c249f72cc23cd36,129
ccbda715a289219dd491a7637f0cf4d6d4377b09,129
d4caca1df3142144c636c62922d0a803a8b64747,128
54e0063c1a29eb08d9da0889b5a55f1ef72f5d55,126
9fdbb02c4441aa5ef6ac011a1335baa77861a70c,125
85dd25337edac84fc0a34c7906b821cf620b1a97,125
5120f3b0d25d300525830aecb11789b346d5f0de,125
b2d8a153d19de047a17d3680e3c0971154366c43,124
e3f59e20b1211c5229b8b58dea3f99245e3de4ef,124
e1d502931f86df0a1343263311b31e41b4e6352f,123
3f714c83312cf78dad914bee02a172d974e187af,123
de76ea98c3c06165ca521156dc20d754b3c31160,122
4d0a98e0b465da98b02b383e5d2f489c980c8571,121
21846baac9bd7d95c3057c66674e2f6d848b0f1a,121
00a35d560c382f75c2f68076682c489a7abafc32,121
3ab5bea4deee7f3d8aa4b372a5016da1228cf08f,119
345bde1d04bf42ef0fae282e1b445c5fad2d93b8,118
1971f287ba26c564224d7cbc0c2c7bf0ac8100fc,117
50d4b4d4894d558dca09e39dfd707d5b8e2bb368,116
17f7fcd1acd11f11780df5249fa39a9a1a1b2a77,116
9c4fb082dcff92dbac7d4506c512143c5f141b9c,115
1f3507cb3aa7e8d9b5113c8b31979548235eef78,115
85e0c54435c15fe21e2957401cb3169f5361536c,115
8448568f83cd92c89e15f229c513509dfa3b3ac1,114
e314a0dbab399f78541f1dc5f850cf61f747058c,113
b5148321ca03822d44360c8c2b756eb84ee4146e,112
7bf40e8439fea2bef2fb82233309a867fcd448b5,112
f9bf8d4ce2e687484e7d075d31cb91c25c21948c,110
f47ee5d85b1a536f55ce9dffe1a4ad6a334e12d3,109
f73d8d9c8d53129d2823311c07f3d27124e9cb90,109
3d298c113c19310b9cd2ffb9ea4e7967be9c017a,107
0af5be37efb9f2b84497af47ae93c54386e9ccc6,107
b9b5fa5354e5ceab65d328aa626c14ba2c57e5ad,105
cc75a2628298fb02dcb8d2814f99630bdf44e781,105
6f60cbef5b891f8018b31d6aa18e05da6940886f,104
8ab91f313028c75712f3b20b1d1f6b8e05a15e5c,102
80db17faf062faf465c0b6078d6fa390a829cef7,102
7b1ce512eba3d1b5dc66c337b04cf7be8e4fce37,102
d3ed8d91af151cae5479e4a876ed5bec2cd90715,101
30d58bbec2c10d8298a4e7c2793147889aa575bb,101
65ae77d5ca530a0eb9bfc2c9e5544446fc1be157,101
ce1237d3c7a4c101f38985478f53eff653db8dde,100
70317f0143fdf6fca89bb82555e2b75ca75855dc,100
abb38d66a741c5a735f087b04507fb2109cff37a,100
448a1b8d5574b2ec1ef87cafa43119b5b562e288,100
441720f8e72ab482467a7064a504425d79a1235f,99
17bac153b46d327a19f2993ea9ac44704bcc34bb,99
80b0bac42c2f238de5c332d6036e667b641d294b,99
73b886720933bda64b1b045bbd6a454b533e39c0,99
b62da144e4643c4a542b6f0ab97b37d2e6900f9c,98
c680df7d526e924981081bbcd69dc09ee865daad,98
2ce56ba42c35aad6ff41556901b68b040940a584,97
d3eb2fc07a1e523a6736c0d2c9112d2e30c929ee,97
578a877ed0bf8359235773fc08c6d68d797f2035,97
11cf8b0f238a0f2e613190e41d63a33c0ecfaea0,97
abfe41e7e468d0223899e787f2301900aa860aa0,97
8361e5f9060fe43ec21c2b698f2eb7a775a791f7,96
aa96dcfad0b51a3324e4146d942ec64912addeb9,95
3d4dc485c903c005d62873dc5878e37a50b61e9b,95
1d6d602097c45a3b08bbac16b1c6b72a75ff0f1e,95
157f98b9fc79aad44ddc0dd8577ef3a336921a18,94
7ea2762b761993a96251df819ca8cec9802ae422,94
1d42ba77f11ac524121e3063076fe7c0d604ccb3,94
f92721a8950cef4d4c5c32e89564b1ecee0f053a,93
e229df94cc738e06c846178930a41bb51dec8e18,93
2e1486f01367ca814655cbe857ee74b9b0c778fa,93
e720e8c338efd8b66b801fa29b375811ac122af5,93
9ab86ad585cbbd47d10ff76cbc7d6081cbb3c86c,91
d26ed0cd982ca350682d4499b41f7a10f9a26be4,91
5f72af93125d8916f89e2d05d8ce24c8666d52a8,91
04b1a8de89cf2899173a2ef902d52bf3f7a40d7e,90
60f20c0067561d857c1a1598804d24ce8261f62f,90
793053d27af459371e4b29f9ceb141b1fd1e755e,90
fc8060fc30c46ac21d81b0adcba73d4af38acc40,90
5df53cce782a15902b31443e2a531141a618fb29,89
8efb7da0f313e809a214ad7900ac3db8a1ee64c5,89
ec40f113ece73c722a1946f324647246efc2a501,89
1233e899e17aebf147850e6588d1b5d5d2ef5d7a,88
376ad886c23d31fdbdad37d4ba149c4ad00a7c25,88
04c525baf729e80f5cafd5ecbc0a8cfd52e36569,87
75db8f83fadaeccd6afa2a62c82f85cf0e765571,87
404d13b968ec7675ba4d62662a5bb77ad0924392,87
dcbc087fb0683ebca5d4936b57107ce6bbe8938d,87
de4a9d32b750e4a53bc05c0c19fdff6ee13c0309,85
6a86d4cca89e932e98b4557f381c0bb805e29dd5,85
2346b41c6743de874e338f0c8a66ecf7e0faf083,85
4cab111a330eb408316c43b932eeddb10072ea8c,85
ccbfc0991a4e1e139a113b542c23f21b7ab24e5b,85
f6a51892b6d85f764efd535cd1aa679b8aec1fd1,84
14099bc3e96e32de61434884ba0e983441da756f,83
9cc608b43a5020f3b6a1d6e31eed5db4d66ed91a,83
ee94800330bc3b44dae22b0fecc80310bc52ae7d,82
cfe78610a6b75a73fb5c4f860eee6015073d5187,81
6bc3c5f1fa389436ae7449a76f76310f295f5740,81
69638b75e0d086b97862e8505f3fd1719f2a4922,81
d548fa3acdf5432c31a8c299e30518e29f887b39,80
4cc99fb9852998306ebb68703df000b94a88e59d,80
9ee8f8bb59df2a3eb7271516979313851800ad6f,79
88dd94fb082f14f7a7195a66f3b3d66b9429b6fb,78
6dac563e3610ac3f4b1fae9c41e5649beae637a2,76
f9008372c19599fa0275e5fef70976da920f8405,76
4a113b8bbea1cae6149dba9b026aa0c152c958a6,75
5928fd0f24f9e4ab8601db569495138632468c17,75
ccde2dac33b98ce6be86874c2fba2d7f67e6c7b7,75
a6b9c9c75b63977fb74dfaabf90066699fe2e198,74
66d96eeac920c36eb7098477983535dc0d5a0934,74
39f70a1addd8031d5e68d75c1a4432ebf115cf85,74
3956266a216457ee5b61a6faad14feda3801b254,73
5ad94331b754943091665dfc34f53529c9a03d65,73
18098a8e244b88e1831c2377bb9191eaaac51a7a,73
8dcd6a74c055a8aa61b87ee0f1e99100b49ecec0,73
b4ebf28cdd3bb8c4275bc39e39d4319075c591f8,73
72003cbf50848af9b5374832fcc830a91730e334,73
4cbdff3d41f64dcd5dbc239c4402b31d14be3e6f,73
6a1ca7f645ff8bc466b9eb36e7557db2d74bb4c1,73
a29f38fd3a1a41c6096f652ed9a5c3f611ae5bfe,73
04b4d5fad3d2efb197c86e05e81b445a49bdd441,72
b63de43d3bb6e01893a97322b6b63a1d46b71e87,72
762b738ede8f16d5d6c4903df0c8c1557344248e,72
51ff2f70d021ccbc8de0884e50be4be57182d47d,72
c6a8e4ae2b6f673c4b128f03217a7ef0b3dae703,72
528ada3315e2d2aeb1594180766b9bee8066fbcd,72
44fd01b69a1cc8d22c7cba66541ad82767ec3859,71
4bbc4c667afc4cc2446569e1d9e48e582a09cdea,71
f61d3b171895afa729ef69d07dce5d60b5f8e7f2,71
b3d7ef671cebadb521e544c454b37ae13340e1f4,71
12567eab762d145707f65df19ac1f1c0a9980444,71
7f2d7cccaa0a5b495198791c3243900093a96bf9,70
acf261b7b022a850b21ba096d045e0a6f64b2149,70
9232bde053ce6fdb7de4880a8e30d2bfe994ac51,69
7d6f4824ef72896d13802c34d87a708f3a4326f5,69
9356a5c44a1aabaa062bbfd2aa7b1df883aac654,69
20357f803dbec1f262a9ec23e82ef07d6b997ec0,69
6bdcf73be646a7eb54984a4c583bfea94c36502c,69
7847fc22a70188f69010f79b541628c144e2f871,69
95f45a1718799f02a5f8dd64c53d7e5968a72689,68
04d75ed74212cf1e1d7517c309db51b98cdea2cc,67
c5135de46412ff96907a3806c594e6d54dd81c48,67
cbfa2f89ff2aed35803195570db4877aee0d5a33,67
09dc49b1841adafa4e09ceca664a5ab945633b50,67
f747663e21299dcf57243759814e9e0aa647bc71,67
2a8f4eece46804631531df4cc9e2c81f9abb1185,67
3a5d76300d3907ba6b354fbfdb581869939d44c6,67
63f91bab019d208b628582663bc1ed6e2fdcc463,66
1d3918f726816fdd8ef1ecc76a712d32bb9526c8,66
4a465c03c17ddfc37452578e3dcfc35f3bad631a,66
d930e67d822b9119c1ef75140d66af22ef9b3d89,66
36560745d27eeb053f05ee64a316096ce7519dca,66
1b74c931fb3cd1d57422538141c20a7a0abcfe5d,66
0894bf9f9d55c9ddc93c7ae30dd27ac7613c2731,66
66ede8a4d89dfa98721be2ae7c3a5dbc3c1cfafe,66
6136094d9cc2dd6e797a55b94b5284493d65682e,65
c58306e74ea9e5bcc8406cad38e3b268b35a0a8f,65
775108460b86e9a4507c805c1ca1af536335fc6b,65
19c84ea1fa23c5886175a5dfeec94a243688d07b,65
ff59cc9b3493e62459c92a8d1a00df921e897eca,64
9e9793071a5a861593377b035a2bfa5cd90faf19,64
7fc21735d6f7756fe2b31ec1b5a77d6c303d7c54,64
9070ea0c1cefaa453d4e9e92cab10c110eba8865,64
60b70f649b4dfe3a5ffb7b9aa857f3e5536f4ae5,64
1108d2d0da7e2f5a1bccc016108d11a6c207b035,64
dce8786c94f50ea2f2a0cb0f4a0ab84c4dd8be1b,63
3f94e413ae64ae922dc818374cd257435c0fcd1f,63
8851928f8ddf75556f0d82d39bea74ff7c133ded,63
6e0261132f4902324d7cbc6632d5525e46da3d13,63
768c9a0798803fe24a99f657e33381e22f6ebee7,63
d025b797c14479c82f90ec9fc242e6336046c63c,63
9691d4d1cf895f115c14dfc5c9f35e86c787222e,62
0c6ee501f3389a28ec4f953a4e23fd4cfab823ab,62
9c8e2bdb15acafa13f5d7273dba14a0932661065,62
92600bf557be8da7b4dd57b018d610bf5e18a45d,62
e7759968235944234cee87af897a6f6f538668be,62
685b01e1b0db2d09863d8a2b7b3fad7fcca67498,62
4b9290c16577e42b807abce867af2f5f59d579d8,61
7e6ae40487146ba18845927f032101b5ce0dc33f,61
b53218f4468b7f198f4086244a42e8f0b0e7b005,61
fc8ddc8d5b415c5cdfb5847ffb461440f4b803b2,61
bbb252ae09cf5a3f24bb4d1133a55154cab54a18,61
3d0efc053f5809efd1110962118644e91c540ec7,61
67b3281e0079ebf1343e74d9014190c4f121064d,60
dbb396694babe7bb86aa937623ca3659d29c9b63,60
093082d271b7a8b07532d6ae387d78024cd46607,60
34b7db265b506be6c8531c5e41c69bf2bd1113b2,59
263e98f9e76ad059bba64d63439838dc9d1b576f,59
7bd1c1c86511fb7f10da8cc81099347f868d22b5,59
aa55b66db8b1ff87a858ac13fe737b65dfe87e42,59
4e1031361820735defdab3de822019808de4a702,59
d0047418b4ffea1197ea2531a11e5364b333749a,58
50b62ffb5dba4b653ab31c9f11cd881374adf319,58
53c3a6b3d62452c25e8a465b82a58125e355487c,58
4ff5e388e6d91833748b6e86b5fad9a9c81cd41d,58
4ea4393a44d43b4c4368417e1af8663dee809ad4,58
8cb8026a735e10ae1a4b138237dea0c78d90f605,58
a5da81f17aaca65f702119297a3c57a1b0f824fa,57
52a89998a03f360328fb838d3bc65c755946b346,57
a8ba909b7340e4dc3c76346f0ef1e7c9a3e4e182,57
f63cf10362efd565c8484ea5c46f918e9f63b6a8,57
8908a91d29dd67e724545d7bbd6623c75f6b446c,57
8ba2d9d17fc1d085f3babc98de621d8a08b5d862,57
897e903f32e3b5535b020551a14c0ef0b6c8141b,57
e259296735195b182c9efc159efb9259920daba6,57
14b8a7e6727e4de152110ac541bbfc4484406e2d,57
fdf9a9bcef69b47cef45f243a6ba23f0ff63f4f7,56
6d7dbe748bfa99321bdb56d497618404f2cd3bc1,56
fa61fbfd1e2f1df978f0498d8adb04f12b2a5586,56
353da1fac641a2a172a992cde463c6ef40f72504,56
1f5d26fcb9b98eb02831597400a7b4e12e0c90c5,56
d3bc295b34338a1f005fcf17499c125ac4d949a5,55
1adaf65415a54b8b42b4821b53f7cf4f24875bdf,55
88ce759244fde5b7e3cd7169fa460828578621d3,55
ff9ae59fa4a2db0b0c10b0493d0e3bcd087a8625,55
c7adad84c9e810af5821a320ae95303a039132d5,55
8411778aa52a4c2567cd1c0ee1df5cac57d097e1,55
c7c2e62baa78957721ca3802faab28b0d631d4a1,54
ec2ba8d430d903eeb73d5e8362686bd3083b66df,54
4e44fc531dcaf5d25d9c8a534c3204cef4a561e6,54
e2f351014734fe26002351d7fbaa84a314fbebf8,54
7bb44754524cfc6b03d8592e7fb57cba35c7868a,54
6d010dba13273638d284b7e65723cf921c7e98fc,54
dbcdc8de4516e465f740b50795382856621944b5,54
c23ab96939d85ca0b6e48885e24a5584e680e2d0,53
633a6c1743a3736995e291760db2f4a1b643d964,53
85a698b915e07e5978d822cc8fdbd6b0cc0f8035,53
9b3e6285deacd07c083951a4f7dbb8ad11548684,53
1b5d9fc549546d703b65e3c1051b650cfbbec416,53
79049721f2243920b8dbda103474be6a00876a57,53
4e1975ae22d4fcbc3002215e83de5ba3318919f8,53
f521f5dd461dc4abcf8ca8c88fd379e78526635f,53
2fcd05cc512a241264aab35168c95f94fdd47e0b,53
68a0c9cdb31c903026f82b90e428be1d0dd9f77d,52
b753a4229582476513df5559eec03a5d101f29d2,52
6e110afb31101cdcd55b863da54943d4e8c2b75d,52
a77f49c756be4a17e17d95caa234a5aa1e30b293,52
15927e3820a6e1f84e9771580a72d4004f5b54f1,52
ca2b62342996f82e57115508dad2e51a4c9e6bf1,52
b09af69809e249ca295bef013b626ffef25c163c,52
4324ea434e49c10fe94502e48e4515e5b7a26986,52
71c81bb5a2d19db07801ec6dea4b51dcafb938ee,52
3685d51309814c1b91091303ae65986498152252,52
e536494966f54ae321819c9b8820f51cb591f546,51
1d4ea7bb7ec668088cea4e3de75bb622fcb3323b,51
dab2ac1f24287192381ae76d60970d6924027637,51
29e706370f905b23c68f00d0773d0e22d91d5141,51
053bd91d7e3d3b69a79cdaaa023f772ae714bfb2,51
379dad49bd68ba43814abfbca885b305495f5ca1,51
4df00a25b3996fd41ff6ab1d9f7af7e59883ba90,51
8db6a21e21f4d6ff8c323b9c5f3fa171656ee20b,51
5f13ec5ff0d61ecbfc6b90270824ef7e5c06f5dd,50
51f62a7a62cd793a7a4cde683fcfa28eccff5821,50
19b56ef5c834c185d5bd8794068aeceaf4412660,50
c704a79b2cb3e67c8aa48ab2a23fecfcc14f9ee2,50
f457013cc58fb96fb2a36e5d3a4319261f22fba7,50
b2a40d43c5e40bdf4ae074f0daae6b80f4e524db,50
33c8426314f1d3e400204e193c6b1582a82882ef,50
b487de43fbdf05c3f08efb75c242a0a77a7db23a,49
8705925d7a97b3324f93ecad8a7d2370ea0584a7,49
9f320ad227fa0192431ce45cf2dcf04173882a97,49
21e31257a9d89e10828b6618ace39172ca487ab4,49
e3b83233b48995be7734a19d89906a3ba4a7f46d,49
efdc0cc5e23ea9a573ab8cf7fcc8fa47b8a4bc71,49
009d8faf945064c0a92eb6616cf224c87285a3b1,49
74b016ad4bfba1c76417e11856745375a7f9f4fc,49
a157a62fd22f08358d8b1b256cd68cf9e6e0c1de,48
3eeae8986a143bc5870f4bab5367dbf9a5afadbf,48
f5c169066c1197928606a5b341d7ee1bf1af8f4f,48
e3321beff89870281eb49361baff6355865acb22,48
65c53ac4a9e53a0a89be516674f785764a8068d1,48
40f0e7a9bc8e1f008609831995f01f2b2c782e4c,48
e19f33109cc803865d92c95e492bbe20ac60e177,47
5a5ae065a982465771337eda27bf7adcfa778756,47
76081bfadfa49c89d599d81e86b278ad96839801,47
62e6006d149c5de3c7039515511c622599c2ab72,47
7faed7fb467828b6e2b9a9ecf667efbd03bd46f1,47
67470d48a035ca3e95c73acb81ff543a4f9ea281,47
32340d896e0f12c7792865eb43a6c8abc0548950,47
1d60a65b87ed0164793e734b7cf695bbd6fed475,47
17f9d00df4e6770788802de93f634620d6b9adf5,47
5262c06f41d80adcebc1e8a038ea4e9be4172331,47
a847c49ca5b6f7c0d4afec33e0beb13c8905b83c,47
6ee6bd8204f89ce91e523181f2327ea2cd4a8de3,47
860964ce39da1a15fbbb55df68b364647c838669,46
08e88f5c08694cde44a2de5f2fc638c89fc4b660,46
70dce444d38056663168d6053b5be80577452dd6,46
b9f393d1c904cbb4b87d524e13a8c21542b8fadc,46
fb427bda6663b9ab2b0201e36c692ffc65d70673,46
95bc859da173f22e5120e077b9acb8b065fe7454,46
b29e05a6bbab9235ca52eb76af71135f9f128f49,45
ff24baa600b3fecf7d241402a3f052072009dcc8,45
836be53c01f715ac6566bd1589c1df632a538d15,45
57890affbbc2b6bc298614aff48411b89237d60d,45
8ccd85ee1ea354aa64aa493a084d11ed52ddc33e,45
c6d87a0d4bd0b87c318d8f2b47241af703b78f4f,45
7ef6af5e9fcd8d6eb12c963fa168bf842161cdb0,45
f1656a7ca2767df18892528909a31b5bd3c1d164,45
dc27b4c39d022674bfca81a6a981b510b3626f1b,45
fd651a84b92e0b7e8a49a84e414dc22050c8f31a,45
52744a7b38015cb3e7583bb35433bb671e6a6566,45
31b8c732c2cce373c177a8a2be666980e87b718c,45
a57f7819ebd53e306f0323efa8f08d408b619e12,45
ecae71dbeada3f8590056418677852ba1a49f6f8,45
a848e36d7d4ad167f87eb036f63a9d8cb57120ff,45
c33e0103e1b667a7203f7790445f23b57a798177,44
0c1c444b5fafa3cd9488ee06b6b9c57495c292da,44
d9798d56ac3aded9e6987d9b254e0df6e03426bd,44
dc7477fc5d5eea95ac02694aceddf6c3346f45d1,44
a01cb2d9384c5cee5a963bcb1af5b2a92a496ad1,44
36dc87607b9bc79b76b116d568906cf5c8c0ba57,44
2335f044a77c289632a31ecd9cadd6329010a07c,44
058e7f31a736ca389ca1d7ce0bf82170caf0508d,44
2e1d1bde06743e2d61e3963e90fb9eb0f1a7e23d,44
7b691b4c438d8c7ec50d18860912e241c7420647,44
97ad8f8bfb4d9418b24e957988bd261f88ebf30f,44
ff16841bb2f1bbb1ef32a3d27b1abc2c127ccb1c,44
c09cd047fda5702090e2673affaa14d845036d60,44
956b5a395a32e08b16e61bda734741f601061386,44
3a5d9f632a7eb3001e206e0a058b05d59a3899ef,43
dc18ff1d6ad36ece5f7292e76a791ee8df43c1e3,43
01359017af567f27fd5b11a73ddf4309071b7488,43
02a768d973e3158eee30b80e9200404282271d3a,43
721342b7fc436576eaaeffa3cc5c20bc07a6e11c,43
b72560cb28771f37eff974aa2445c8cac83cb5c3,43
747a5028f5704ef4f24b45527c56ee0f98aeb35a,43
dea6a75c24b8fe4830df661de511e4b4ce96e29b,43
7277f6885a970bb12a5fd3108ad0a0c89434266f,43
02f05f4fcc4aeacd1cce3d4fb182e1df6b57bbf8,43
e8f327a3b1fa0596389d1d0f530e383d5800ef2a,43
9bb31924da3dd60909aa6ac6578751391b839938,43
9a2f3a1c6cc3cf0c0e32fcd4b5cdd8f3ada4fed5,43
606339f4791343c433fcd5e08afc2394135105e1,43
29aad08514374d3f30ca279a2da1ed03c6970730,43
8632f33204c291d865a007c80b4574ac9ea11d94,43
1802a084cebce082efed6d8db073aa5034f48469,42
8e117a0ecbe1bcebdbf22a0b39659f8b1c65fce5,42
d6bdf4d2e5dae7bbade3923c323abc7da8e9f633,42
1f02eaaba025e462873a9f9625847be87e236f82,42
1c68794263ab89dfb67b58b59d2b583256b3bf96,42
90982b69eb1025d3716144763d1f5ff15022de8c,42
de00f8413ffef38565bb968e7572994fa3d2a325,42
d69e4afd0bbf42fb157d5e2797293fde9df04036,42
2b0139fc2db77c3ddad3150aa23f49b61f48e358,42
557725b752aee513f4db60c21e69ed400a341197,42
24f2e200fc8c09e299b87a0558729c4c8e4e2aca,42
c641f0fa537d59962871630d742425ac8f527746,42
fa5d06dadf3d9907edf4090befeea14e834e145f,42
3f38ff9b5a6efdab4184b3911de8308a38259d23,41
7aee33ed1cfbc48e4ea7238a042ab5b78af52b44,41
0fd81bacd3b1b6d579902a31ab35dac95b877fdd,41
c37d9d8f7978ed609a6ad49a6cd56e7004eb0b23,41
7f73a9fb1031e59319f25e0e501f51954be01d2f,41
bbd205c10c59617430cd0123ff7ccd1a72ee030c,41
a5cec0adc516da09d99f6d8b57b57e92901dec69,41
5fd34e2d194d732535adf3e4e84d85fa95ea63b4,41
36d01d9bd2fcd3f5600a581e8193a2be8d7c38f2,41
f2792571998b0ef5dfb5ded5ad2a08609c75e63c,41
12e0adff8142afa3547d360dc9908c8970f005f5,41
291921e50c4b9085cabbd0d9fabdb94b746d7072,41
7a1e97f60c798a47181c90de5bae438e47fecb1c,41
90e9894a0fe0d01fb5be5c72372b2b46f497199e,41
9acc57e79603447f5ceef5d62c304b2509634a41,41
44f82a20da09abd5b8a84547777269e5f95c225d,41
40a630e157504605e40ba241f6b1f78ab1dd97b9,41
cc6b1fe22ca26dcd107fe1dcbc957305639f0008,41
d65dcb319f618d920986ad52659eda421f83c96b,41
101a1f8873abb94f6eec77400f983578bf0121a3,41
dd704b40cdf281037a21980bcc8d8faf5ab21f50,40
297665a021a6dc6536952027b7501f026957c6a1,40
4e018d1de544381d22aba7a7688b75666314d200,40
92faf15c0ae9b5da622b29922f9ed9660091c196,40
a22064d16f8282260515f509224bfe8b382e8f06,40
028bc3db4377bb684223890bc972ed735ebc6c60,40
c6d786f2dfbb4364a0268cf24f6343996ab6eb0f,40
62b3688b08162af470fcdc79b1d09408833b52d5,40
35441b2cc5f2b3e86203f131bd46de468378aa26,40
27b72eefd1beaabbbc32c5555ebb20da93f6cd25,40
8dade4bb1b98eb6c444a535e26c70071d090e10e,40
5f250645920044bb6e189e42e67bf2796211cbee,39
94ac6c695fe71d526d371409d9db40335e9be3ca,39
68d8bb746389306f140a3133f723c8d476ec1682,39
50b3f7dbf5a7ba3342b94ce0ba728f782d22e9b2,39
150233214efef0b90da5571ccacbb746ce425b0c,39
b0d4c72973ae39645807f9b63d4d2f0ad9260698,39
e632a1dec10dd7230bb43df371715f9558a44335,39
d023cc248e609ee2c7178400f3099c962753910e,39
c6d4bdf6e2567b096601f177bf3368427c7d4590,39
ff8225fce2e93c0d395ead85f0278bf2d5de24c9,39
354516a595b028613276ff921a904de2cbc2c17e,38
907ae2644784aa8a87e8b901d457a0de9a69239d,38
dbacc833be50e2f6e15a8518a609caad53998778,38
d9663d7175b78b4ce136c7dbd2fb0add0117f89e,38
2ce7ba412c8b0d15c62a051f7c706ee009253ecb,38
b3a38c69bf2c9bd881b17b9ce92be65f3ba972b1,38
e8cf80a2b6aaeaffb3039b892c4e73a936e7af29,38
076ae18f062069aaeb1607603d3039fd582fd1b6,38
dfe96eba5c422471a48130d5c5bef285c4857755,38
65d5317f7806b4b73697b59391a8060f4e4039ef,38
94fb2381b1480c483dcd1d0f085f0b7f4f89b46f,38
71c4abdf9466e6df600eb0cd6f53394a138de46f,38
e254d22c75f4bb60eb4bebc4834fd2d372afccee,38
fc9a23b2b655f7973f2741ab849e8f7d3aa89ac3,37
4705ec7a01f17da7866940d2bb3dd64e551e4c74,37
85c2e3a037f38364a4b129960cae85b59000bdae,37
4dfcabd47c67ba154d3e27d729ab72234e35ad69,37
ae777d1743742c8338f6989335af9661a5bc0ca9,37
cb6dba06f7315e74b9cd03ab2de4f19066324d7e,37
489f8f007142e56fe462888ff97b65dbdcbfff41,37
5c34badc4ec7589651f947e7677911a5609aea72,37
14e99145aa31eb0525a29d837fe03bb5212000cd,37
964c5c9281bc4b9307e2b1ea265c9a50a8d94aea,37
22e578cd75c972f8476fc1b7ed5531d02164c466,36
a1f82a5af075e84aeeb51da1e7128e270532219b,36
9684b2c8a0d6dcc23b87cf7e04f778fed87ac384,36
356a220bd5f2fe4c28ac21fb25a80fc70c799bbc,36
e4fcf2e7ec3ff920113ce821b6d3285259f54d49,36
9e997873fdce31f422b8b1f0abb4d3607aae17fe,36
2219b8ee4b5d93ed15b2c299233b3e2cec84b2b2,36
5dbb575c2cfc91ced70da9ac8fb3c8c583f3815c,36
e32dd40636facc9cadc565066590397f370c410b,36
54cc78edb89a5c45b639416b3fb4f6c7b270fc56,36
e6a7a4ae1d903365180b03cfd13cc40f22cd5bb6,36
41db05856124835b76b030b4fc240fdfcf71d749,36
2aa30999b11f7a8326b1038cb3b5666be1f294c5,36
9edbc80abde3a3b910d65c29458fe19aec510446,35
1527061f508e0433bd8410f40722b5e2158bfc43,35
54ad0f51855dcddefaa5acc879dcf499b054f07b,35
aaae18c89618cf672e940c55c8bb311541d8ef9a,35
3a147d79d06162b1446b8534aea2edf1ef50d367,35
8d3b9fc58d7ef80d679223f5cfeba8a30287eadd,35
39987d8d71e93433400c2fae7a2208e6d13d82f4,35
b8ad1889859af8cdfd6aa858b0d236a9de968232,35
6b3c456f82c3a083ff894460b2e319c77a25d445,35
54ace09f00d024c033a69b89937c24b89d528b97,35
97f490e1c9a51684b4e9f37a9ee36b5c8fb39398,35
f99d912c9f750b41fa89753aceb0bfef5ed932c8,35
10d85a49801c8b1df18fe8b59f7a2ca4d6dd054f,35
df6fce91e09a99681f3f0b09928985e54e9b6cf5,35
732ef3d55a89bd434fb6ff5ad47e186c5fa706c4,35
fbffcc477d89fc36c78e0300201ea1fc5bb565b6,35
6620df9f8e31e8a9f2203365ef89cf8c0b20592f,35
d71f5d4d92942bc3fde253e6afa393ca794a5c39,35
798ffbc59b3d8a3faba0b533981d5556c88397fc,35
f3e309b2117158373874abda057aa8c93d537651,35
8f2d68afdf6757f57e129e14866697be4175af47,35
a227543bff30cf3315b1a74ee7513c34699a96fa,34
89d69b55a58f1a4eecb7c09e405e901258fc5d9a,34
f8b0f145a76c871f232a693d1f704b95fad41653,34
c255884da4e4dbc44c54f28b80386bedcc76fe3f,34
9f48105703e5779fbf5b64d3ace76061c6447ee7,34
880fe05ca8ad8981f3170a8e08c7f08bdb1bc156,34
d122bb22bc51dcb922444f5956290bdc18ce3c43,34
baf8516b3b03a12bf3a6f0c0352431d3fae11c38,34
80d3f2bb9f840c4749e531cf03551887a6082e50,34
613629095cd201356b7089884e7f41a30a380fc0,34
fadc340472213fc3de9b56240a4be299bcf3180e,34
fabb4efca1839a2754cfb0f773a455174a23e2fc,34
17b6aa966265c5100a8e511d57f0cfd3ebc4d9b3,34
fc5a64626eab9b6a65b7ccf9349672755905d721,34
c53a588172a595b56dbf6d680311673dbf518bb0,34
07ef7a09f032ad23d069f80e83f976a7e7ce0a20,34
41ba93e4aea7e37b460d165877e32d0bfaa93cb6,33
d1f64e9216f435749681499c3e5c25b52037a0e8,33
9a8bae5899311182bb78b6e3279d6ddfea31bac5,33
81f49254d03f34b935af6be5fb211e01d4783880,33
8878aa849e5c522706fb9fdc53bac0ebb8d5ba45,33
1b26da1f03ad921ccbc5e88438b2ef1c2507190c,33
8435d333c12c3fbeb05ccc3719bc0494a0b0e3da,33
ecbb95de4f886dd6d182b9e7d50653da44f957cd,33
1fcfb63e663defd34195a99e283d4982db36cbcd,33
535f1e9ec41b3b574a65bef5cd175c3170ff5884,33
cb800c7d531ff61346c8f6eb3b7a476f68f64efe,33
0a57487608a8302ec2216fa717c09e2736aa25a7,33
37321fcff725eeae9e84ecafbf67f32dea33d9a9,33
5ba4f086716b58517fc67ce656a1fd952bb797c0,33
a1ce2bb9e1e4259f1b49024c89cc08b39c7139a2,33
44ec2930159b7a3bdfdd6c7eee99b4f38e0e8787,33
0b1a0383a05571ea3104c6010217835f8d1df0c3,33
e87cdcdaaa9fcfc92553adc2f2e24987d85773ab,33
a60b435d3a67d8b6053db9a7e8ac04f6dcc568b8,32
40fbfaa7a33527c361b0781259f0cfd3c92bfcb6,32
5d5522848964f65decd93661c0d92fb7244aa726,32
58cbc8d15a2091bd4962bc8b434316a50ae8f366,32
09560e07421145f323464c1b9b9650a654d6101b,32
a25d850da4024c6ceea1a8cc425fe5d1241eb4d2,32
8c5f4663bb7604aa71a11b00f6bc1240c80d2894,32
e925da2c0d6fa78ae061a4f0151e0224b285cdc5,32
6c6019402961c91748206eb4968ec54775b44949,32
4cad0a47121f2fc14377e0ca873297e6c30de8c9,32
9c30ac9be5318401f5fa3ebbdb0bb779511e3f7c,32
21fe244a63eeb1cf698c624a51fb65b3ba3fd51b,32
4a85c15704c22e867b27cf4c08d2f5e12e1a5801,32
255d66db62a79099a98f807d7872bea7d099e1b7,32
a02508ba993b3ec067cb0294b160f20cbb95818c,32
cd3ebc61b497fce93bf866509be395c687455218,32
05483698f39cca997a3346c0dd67eac76b9cf867,32
630221b2a8d91f963dd1409739c30e9aafb19eb0,32
0fde71391afd7c715163ac8432ade3b969ea9c95,32
da649696757833fb65db7b249e14c2ddd3ccc462,32
130ac2fbc81fd2cf658137bfa5da38cb7a2687f6,32
666e313bec271868186c1392fb69447069a708d1,32
49b73b6778e6f5028e5d6a8c41e19e49c145e5c3,32
466f57ca23542118c13c2938e62968cc10b8e0f1,31
c41961b19d047e2d5d3a81387c58aff139c4dce9,31
2025f5755244df3040bbe0a7ba660fe899327503,31
f7a64751335f73fab29ade216058025223539fc7,31
aba568ba86bfbac7a57a7dbc00d8a5d6f1e13248,31
b2b7b52fae66912728f9e31d0dcd60b67643d864,31
54dea02b1ca3b10cb608e6137001ff6dd843c72c,31
12f38c1e71850195f89fd737f2794db95896b2ed,31
8336aad62e93e7cd3f82763250b14a8e6b3d994e,31
abb9551fe38937f1fbba73df1853060d7097980b,31
d69768015bd90d6de16ce4746dc781b832eb78fb,31
5e28a540cda315cacd431673c2f0125e02dba08f,31
7f02585b72bb1db2b4a2e85f12dc72505bd51ab4,31
ccc53975b9d0cf313588010d4a9002c933350871,31
d0eb4ef77145b6fc5627362324f52ec28462888d,31
05bee744a77548811bcff0c8771d8391642f3576,31
3fd78fdbef2ffe4d28b29e66fe3f1f9d09cc7aea,31
267b79d9269bba1876726696b8882e94c502bb8b,31
47d525f4737e600841b42b770142f98ffba96135,31
75a6bbe784a40ffefebcc2a23aa9c83c1bef0489,30
f4dee66dd20abec5bae75ff6c09904949b778c8c,30
178fc597c87b381b302201b751ff569ed0bbc6b1,30
4b250063dfd175c4cca274cf3dcc4a2fbc49bd4a,30
e5ac154c14171b9d443697c718ea5bd1d8b778d0,30
e2fcff27ff65b021aaa858a371585953ce2892be,30
df99126c9770c18c4e2ea4d27300af8cc7feedfd,30
810b2968cef957cef6b65315a04bb6019b0d61de,30
3251eafaf722db0bad666d73459534b2543494b8,30
eac9d526e49cd555f104a37833afb56b0d4009df,30
5176583989d077b71262e8b3ec1499753bcd0348,30
075b395db2b1d9898667b8a3f5ef3e40a5dc00df,30
2278a939f478dc791304425bd78defd4aa6f2ec3,30
2c100c54e735a8957115d1868b4c2bdcbec92556,30
e292dfae11cb6b8fd2824964dc4e08a0d3256e5b,30
92f96996bcf576d954216db76c16c1b18223e0f7,30
71ea18712393d967013e71862cf1dd4d6d246694,30
7ee6dcd3cb05e9be58da2eb66d66d8ed70d777f0,30
17f0da6015239d0e388e7e8bf719d6fd9a07ed46,30
3b10136dece043f6c1f7d10d0e4f3e765b2f5023,30
ce711c540413c3882f2d32bb0f4250383f4e483d,30
2779f66c78f807f43389c78a72a831d4f5718e2f,30
622c8c59b7e623f1d9ea988f86be6443ceeeb816,30
7e007d7275c4b26cccb0cd8ae1bfa3b601cebb13,30
035d66b96abb9963db42f12fedb008276f43e45b,29
6048f6c0041f548c1242fb7c44261b71df2fadf9,29
d4abcd6704d350e11f9f33c43a3a74388b1e490e,29
1a0ad43d41d3e6d526d0f80b7ea75f5707e9f142,29
712da7b900c09937c75944487defc0eef0903375,29
bde1faea98d84a6291e4b97e24a60b1612944f8d,29
c89b5fe9c019e3c02f348d7debbb5fdee93ef317,29
b85d1e3001e78d6ddabf26792c3fee8ceb5984d3,29
d19a3a1075cac27f80a88bc94a17d499d1695ad3,29
13f2c37de512c1351d40465ef40dbbfd2c7e1845,29
cfd8551525944804751024e668d0ad4e51244eb0,29
3efe7f37ea2da38aa29f2e8c74ced5decb6aaa6c,29
baef82e0bea7f7ad6887e18adaaf74d86534cfe2,29
1def5568feefa8cc1c006a215962ede9f8859b98,29
bb984c802ee00b53ecdb5d5917dfabe6ab81cc7c,29
96d5ea7abc234cbfd3e23d584e5df39a957a13d2,29
a60ef9c676907dcc7d100772980ef9cb7d4f763f,29
2950f3ad8bc7409773113b2f4770de2039931acd,29
5b7c2dc264c5f6aa0e8240f1dd92ee69cd19aef8,29
099e42b309484700372d660443fca06a571481dd,29
b39ac5465623a243ac56ea5e22245f70863c3f83,28
9e429f4f074b8cb869efbebf1edea2e02fce53e1,28
a791b716f166f4aeeef2bd63da8485e3351e0b88,28
a93f26613ad4346be1966ec3906545e3e3d37897,28
e59e52bb2bf4454cb2aba93037ad9dbb7c57bb8b,28
214a2d409605fe42dfbae554d54665066ea9e724,28
5da0a6a21b2f7ce4428adf78cfcd59892af1b568,28
768a0ca3e8698a32096960f04c61bd51ed4f5c72,28
172325a950d6068d4b258d4e826418da2d560019,28
ab6635b2257deaacb34df94a3538148c3b6ecf7e,28
52d0606256ec99f77fc0172d89d1a82029517b55,28
a82d60c6cea10ca34ebbe2a56c86ae30fe3e97c6,28
6d3f29d4448420cf7d04518edb43a2d6ce98867e,28
ff2694326c7d580b15175089571bd76f59bfad52,28
4a4c950207e7645dc86d2f4fdaf02e9d21dc6b40,28
e99c01ce6bbe1a6c6fe611a22b917d04a2fdde67,28
a7f2cd983a2be5132361662258d61388821eb74f,28
1648ecc499a4cf2827b082596896b41e79f119f4,28
0f9b8413b2d596f5af5e3ebd6c81ba13aeee1386,28
18e0d54db4915c11becf7c5a31d09f6acdfc906e,28
df4d743f68eece1d13fa1b4853f165b1d79ebe82,27
ad01b80397503bc767d8a27f0d7b6054ef1965fb,27
cae24fa08729211a513ee4b7970261044e0bf85f,27
dc206c9f5014d8082cf58a65310b7990715bbd82,27
168330e9ae1ff2309377f780200816581c8245cc,27
5fdb5b61cd6cea230d5247e401e936b67dfa0593,27
4309db55b4f2736ec28adc6df0e1dbdd062396a9,27
f1841c0cc57c741dabbd8fb2dc814fedc64641bd,27
752ec9747cff0dc004c5d806ea9d9c0115a06f93,27
f330f9e3bb35c04d0ace992180617e9c0dd7d0db,27
a6d8ad8893548f15328ad1449cb0eb40ff8e8a8c,27
cdbc3875b4378b3de59478927c6dc32947c5bca0,27
67439c390e3e4ead328f212c5048ac0a1acaaedc,27
111a859a86ecbf470edfebbea04f7be382de6807,27
5a2a5d8ce0c711d5afdd1ec68b4a47e51a2f109e,27
fa61d56b093ab6ea1b588c60a67664c2e493d4ce,27
fcbc69251d34c1e0361aa5ddca9130f04cacf755,27
09fcee81358f3fb705cd6b59c54b8936900c25ae,27
2ba0f09847d7a17437108bc98380dd7b2bb7185b,27
a2c0890326e3464a47a37e3520445b40a866a829,27
5ab35f8e990ac0dc3239a01dbda6d6cd8e3fc6df,27
931121d017911ed44c8280d8175a4e7cf0be216e,27
ea43ad4f5b4f579630289131ed08b5866fb94542,27
e7fe69abfd7d8792c4c4759b712bc4e5ba2e9d10,27
46e40627ed5b347456b5f729d6d767fda50ee681,27
8535dec948d9a2d9005dfd028b5951d2178a8491,27
960b9f384ed43023e18c4f82b988f1b55ef57c6d,27
58ea411eb9ad565c7260c3ea4d2f3e733ce7a51a,27
8830e00255fe412b67d2b61e82ef0b42925d87b2,27
3b4fe3dd6c2a0d24c768615688256666a55f5f06,27
2ab861938de7fbb9559adab31c3c4793b1413cc1,27
43078f3983d126bc8865dea0c4af95d26d84928a,27
c232283bb82a70228faa3fafc8ab4ef4058d16eb,26
9738f65627062ad6e3ae4bde63f4b0ba1fba1240,26
41432e56e4bd35007f277fb9224d2e1b16c439b2,26
08dc9c8718bbf72300bae98504f182039c945acd,26
316b4f3815b250f8e65943dc9af651ff55eaf8d0,26
452e30ebdc7165b5cae40907f7cbf04c6a039a1e,26
6304d67c217798497e0f22219c9209b2e49c330f,26
7e24701d63f12c3a4466ff8be8553a5a998892c3,26
d568064922d397bf5cffbd709b5502e055f15ebc,26
4f4dca62c3e340e520a8d69ea4630e4ad167a5f3,26
37de03f6e16c3dbedb1b0f3c87af9508786746c2,26
2fd73158b11da7a20fab7294002e896bd67dc085,26
2e1a542af1cfd54f0e3cee5c9d499f3b4e862271,26
0f43ab14ede02c8c314c1471930fadfc4f4624fd,26
2a23c4f6682f85163191d908ba7b7673f090620f,26
03ce5fd813ce7c725b3a35f52b91303053fbf318,26
b2c67725efc92264826ca09f756c612c1d733da6,26
814f2c483d35fb6914bf5ef706285e7ff68e652f,26
9cbcdeedbcced169f03d98dd219bd795b471601e,26
40fe8a5e77e76b8f6ad68f1295440676e76799fe,26
6f04d827ed1161dad7ee886f0779a0c5f68e2c9d,26
eb440ba97dd127b73a8b0ecddbfe9708a041cd90,26
d2999060c83acbf4e8f5d98ae3f12a57c6c99bde,26
c1abe650ef01d5b4dc29e347c945b5b07a53a9d8,26
ff261d0e3e1cf3401f4ba537801e7801b7fbd2eb,26
013a3d997d700c6b04526feb2c043f18bdf0cd00,26
4d86b273846c1d1aad837a9dc659ba491c420d34,26
8eeda2e6760c196460923997a289c7d4379ee9a5,26
65536381b1932313e73492c4129c8407423eaa05,26
ec3261d7f7c3ee5b4f191bc54b90a2498c996a66,25
351b47346df29d395f717b5576198236bca9c9f1,25
32e6e487306586d1684420bc560670c40a67f0e0,25
4f2f4dbb987141325cb4a0d31e03715f5798091e,25
79eec7ffba3699d6775fcbb439029866a799bd5b,25
8235386ea0a0003382bdf7071bb86ee395d7e371,25
ba70d2a80c7e15637546bb5c2d5dcdcfc622d506,25
994b78fa069a5a45956e3764873db6c79b023a60,25
df87c8a23841097bcbb61e8e8f4c2352ee49d3f8,25
89eb2e234696995280c48b6be1a5809ba7888640,25
4df5ac4a9d211a90504a3a0789effaaf2a2c0c17,25
c2da587335366e7a26889d43bc430b64722b85b6,25
cf8f4c0a7f75d1b3ad0ee97a5a0db427bb01e9e8,25
a39dd5c03e700a52f4771f085ff18db3737272a3,25
abb225b4c8ab2e986ac673f18492233d5f1aebfa,25
90ffe983980e3c2352fb9f3d890f90de9647eecc,25
acad4d8612a65887f9039aa92d3986043c1dcb08,25
e831d51229710253b01b4740e9fc397697a7e84e,25
14754b4cdeff1a7243814a108c548e5ce325c465,25
a77bfeb4c8d5f5034e2d5d5a733fa18c0a0aa310,25
413c0ea2ea3f19037e4a121e2269614cce641076,25
cb85cbc0e29c9cdb21c3ab3e615875387cd2f102,25
e33ff78021770b083932eeffff18361884f3e5b5,25
331449e32a02de02a48d9f48cfb9de37ab4c56c8,25
cea20aa4e9b0ec200c724f0a443bb814cf745799,25
24a642228d54aead0c63dc47c1c00cf2de26c6e9,25
64ca5de3e30d80a74d1b914553a4f5317041560f,25
00299edd44e2da0ee6c98cf0e891278bcd00ed84,24
2c62b9d21d28232659896e371c5e6b585749011c,24
a26735ed48dc6402eca844ce95e94aedd723889a,24
17a6672274b6360dd8e27c8b4640c27642d78d6a,24
e64600a27d7b01770d70621ba7f61f6f9b9be9aa,24
9746fe566c947ebf06a81a338b3baf129ed7d465,24
10f3266e92dd72d95bcb7f2ec20e8ea33382e51b,24
410dd3faf1e89da2782f5ca9a14b2da000c864d9,24
c2f19351ae8a5fcf72710ea3941962e7993babf6,24
8ac211db4eaa0b797796e48c66e3e0f88b87020f,24
cb151ec9d33f9ae831d396dec2ec1ab7ae129d87,24
894621d2f89ab1b859c17b9b81f182e82a375c55,24
9edb414599c951bedb8dbde81fd7c978a5d798df,24
24279f40066881345108b90bf2d4a98b3e7668d1,24
cd4056e25fcb02a0e9270a650c4066e0ac17805e,24
1b2df04727641c7c68ea8a6c17fc13d73d1fc6ad,24
54e01376fef06ff2862ed10ccf2b1c1250844d38,24
aa064231b254cdf585e6c7b7ae5e1ec014efda8b,24
b78f8eef71b4b9b0018266909e469f582b74a545,24
b53bad23ca75e61a4dfa1044d6efdef1362f91d3,24
85d9cd658e99a6377f64b4163b8c990cb3f8ee81,24
84f11350df8e917d5c2836106841da745d1d3c36,24
7e30cb27c254db2d1ad140769e3c76fad02e6f58,24
0d189acf33c3eeea17a90ab6ed2455e0c38a91f2,24
40f534f1832cec2b0b88f0b9dfa27240ad912b3d,24
903c2806561559713ebe097c1b93a968ef8cec99,24
75e741069fdeb48070f6ed58ea26fa66a0933ac3,24
cecd1e062dbf33fb7e61bf1cb6b83f47c0e31aee,24
25a441117d24d1dfc545906a70f0a994d69efaa5,24
344b285e390fa10a22d9ee5dfc28d5d0945e3199,24
fe790d8e024e4fe0103a87a2d74830f481450c54,24
050638b1b4e72fd06efe7b8454400c2c22552af2,24
e416c434112d512428787d86ef42a30b56c94d1d,23
325189a0d763ae4349054d73ef30f1573b48faef,23
d33152a4166750aafa30797ff7870128447e5450,23
1c7615eab034ca49c5a71bdc4a8fe5b9db5ac4fa,23
fddf244089ce1086c329026fa5aa6b94eac4eef8,23
4effa7bfae2429d8c02e0409115842f8240db0d0,23
6f7bec0fd8ea812c46fe3c83114d995cbb20cbbd,23
3ca73062d63732a6db4e28ec008567e906e047d9,23
0337541d576f10a6ecf8454f41ede44d6b72046e,23
50e0062e1dfa3b1db134d302da0482db5b6fdbe2,23
e6579243dddfa23ca0489f3e16f97e3628140172,23
39c44fbb63c72879bd3ad0bf0239d18a56093eda,23
786ffc8158e9d24980bd64c37f7aa4339c8c416e,23
bc134f12fec9214770a6d313db371fb35c889a9b,23
babf3de162f95a241894b32007fa0d6909c9b14c,23
ab8682ad336672eee6792bbadec5f062bb7d5e2a,23
d63fb7061b2548c2d845a5a352bc5bd312631ce6,23
64a4c467bca7e82a4b5a92651da2d9e49e6b6919,23
c26f34bb14f8fa8fb30680d81da4736f6f19be88,23
5ad460f44287530c5c4052adbcdb0fe28ab6114f,23
8db0c6b89e1d25b8ffd5d4610eb388145a0fd426,23
84f7b68bd26ba43325b7a97b97a80eb50a90b3cf,23
2258bf9974f186ee07594b2b44b4c405327e27e5,23
1b12cf2ac88049ace1643f856f1fd2d29e6ddddc,23
0ec99be92fd11817debe5d23ff6c1b9c7248ef31,23
f99f498689ac89b49321848f523c2460ce40c0d1,23
4864311a7d1df0e8615b2069319b69a1c98b1d5c,23
8f510600e83898921a72f66aa74bbb7328a80660,23
40ca6f4a804726e44cdb9b60c261e6f9ce9b164a,23
5f2154a0becae92767fb60fb6ee0e11ee0941b9c,23
bc4de869439dbf929ab464ee677408dfb7b3bd94,23
645c49ef8ee6ab7eef18d91ce4e7c274a09fd7d7,23
44028dcced58117e3c2b3402ce8ad8604b115193,23
35efdee12ec689e5f07a0dd041bb7150978b16a6,23
34e78424a1cfc3d1e57eda303d112a745b4c003a,23
d866def6287fda2fca6217f4e0ca3dca040768e8,23
87c046ef0b2fffb8ee059f79181220c16d91130f,23
8b4e93582161b6eba0b630226e54880299762d55,23
43cf5763a845cab62b123ebd83ec690cae215ff9,23
eaa23750f27172b11ea806947556c301034d76b1,23
36fe30edca1e9be9c06c47525c34420b70d2a298,22
70c9576c14f3c67662624b2005b5b569b57dd3cc,22
5acbc6c17cf834e4e76724b6b1e5320094c66863,22
187744faac0a8bd12e2da613ef1e3564c6eea923,22
818be3f02f1fd52c9234cfb5287b3d68f345b869,22
c99f9940555eddbefca702304bc2e074adaddb1c,22
fc18fea32c863d816ce9466967e7005f8550c619,22
566f80e02c48970fa17b63420a98921a0ad2d5c1,22
3bcdaa3c2f95c3b952c5a40f2799a8083bc1a346,22
bbe30543f9f1442f2f0b850d217d58e86be0db9d,22
e0d16a208c31bfd889826acfa078166b63db3be4,22
e335b8433d745a6ba12e46e09434dc3d8fbd1f0c,22
e78c1274063d79882e3068c3898e504ba5dd6f04,22
5612dc4f503aef1abe4227736cd837583b209a27,22
8f6887defafdd2223fec826b596306de7ab8495c,22
c74ba40cf4fd989b9b69bc34842bafe627e814cf,22
d809bbf78862a1a08d2bd9c4e6d39f10cd2374bd,22
0f8aa60789425138b719f57d10852b135bdc3009,22
62b67f819e553a06d64cf52aef2f85dab5a5b3e5,22
d8066c3f7d3412b76d3c27dd3b6e828ff7ebe7db,22
699b324e98875170a4c2fd2313a45ac6b712134a,22
c8b04403359a28896418f7d6dcb4018222b71ba7,22
d7ab4f7c82e0e66cd338b84bb331826c7bb66152,22
e5b6789910e4f0fb11cff0d4eb7ddbd258e8a391,22
9987b4f91e98f29f0d78ca30ab995c2a0499001f,22
8121ef1428a145b4f932e86d81832d289800395e,22
e11723eea38939f67db5d67d9902821aa60d89cc,22
30f0b17d6e1c37591b7f92ee968a9bef886791c4,22
af6f0fcbc995ad89a7d9b12980b5efe53a6483b6,22
71522564b84cbcf554f594b26a5f7a7aca4bbb21,22
52be4863445191d52a81b9bc6fc35c9b84b79f95,22
b0c8f8790bf22c62717ccb376b3368549d5e118f,22
31c93e6894bd15a547a49f835664b1681c1c7c10,22
d5a7d85836ca0fb258dfc96d51815e958b194c59,22
ab0e89293d14761e7e637e3ab2db4abd5e50389f,22
ac1e5cf6a56acee59d752b15f116efd9429812b6,22
9c9c6afb3beb2851d5ab0130beb32b6907a6434b,22
ee8d696c9c14c70992dda3afc46497cc0dc43660,22
e72ef4920f5ce1b5d702828d937f791ac14c3e1d,22
206b91357ae17ddd775572f4f8ab4e6d60ef9b3c,21
d955b09e43e5ba5deaf8f65ed1721ed0002f44ba,21
b4454fefaaad07cbd7e0752c9a15cb9b6ab1fcf6,21
3f3c58ae42b9b422897ffc175014a2a4fcf16d7b,21
45dc8d1b9ff891bac029c385410dab5431cccd4e,21
3c7efe42208df5b2fb9a962aac3314f492a7607d,21
6f2885e3d51c553deb3aca618956976595a4133c,21
cfd7be0baea4fffe589501a0169a18fb48010e8c,21
050cb58cd916ba0d9b519e723e68767abc6b64b3,21
9659cb1bae043a54d2547f11b0839998bd591eaf,21
95c68f727cb3a5692b1532eb7427d6d875a4b3e3,21
f5e084d1e2463051749dda29fee033fc72af1d5c,21
8c458a7852ff235e921d210340370affd19639c5,21
7a2d1077e0386e76ea130e02cf39d4ff906faf99,21
ec88c43435de04bbd8fde1fd1ac220ce5e61272a,21
a7f1da12317bb2d15adc9d92187de31635444b12,21
dbbe75f4926062e00543c8e74cd7fce8413449fa,21
184fe0ec95543c0847ed305a074a848800a6832a,21
aa4fd20c7730f9e403c5209f24423d5bb13e1e95,21
9e605582518967fa41cadfc40dc3d5c7ab012152,21
372a32bb184066899479ae0dddd2a16b678b81cd,21
01a644a4e15c9cd632cac0a45290ec10270d22f8,21
29c14e53feeb4451823f98763e72e88176034162,21
daae8788364e6fd3136ff94794aa2a517681373f,21
1c3721382ee589b7998e3250d0824756295ea6d4,21
00f767688e86cf2f9b37f4173a186fee750229f9,21
f998b60168611f6dd5bc4cd862124a2696619168,21
6d30efb9413996d55bb96754a2a305389541bc3f,21
70633c4ecec92c45be8126b1f4b0dc9fbd0b5f69,21
1e37bd023afd521649109d74e16d4f42ea4b49d9,21
55b80f7657f88bc7a104db1b36702053c4d73986,21
8f7d83ee977184de9545d34f2ddfb508f4b73727,21
e1be5e33f4246016bd11d20135cab8378c7fa6a5,21
0bd38c8d909c210c64236820855c8c69aab546b3,21
30fac9757418dbde08b6e364884302aa4b70a197,21
f45e50f5b1077dd8caee51531e037f20e6782dc3,21
e0337f79a106d48058e7bcdcec6ee55d9a606341,21
f390724b4e0da6eca692afac6a0918165117c304,21
9d909f00bed941697d97ff0c7117c230eb01930a,21
3fdd7e9165d500f5cb8b216905c026040edb65e5,21
37e345f6ed9ee756f76669f1364c14867989f37b,21
16b6a5ce4a2ef3d9135ca225020a4f8e05aa51ea,20
0b513a3727f234ad791ba2b776075d393498cf47,20
1e0491e8720a55389d452aebf40098dc3e8db6a1,20
8eb5058049b54dea7f5bf61d1f324837e5fd1b62,20
84fafe21102880f15101ed30aa75a4ccce5b47dc,20
34041224eb2c4ff2b0f2e3c1e34e3ff2ad619251,20
11ec4ef7f067c96cd823bfc53e6734750d567c3b,20
3deb462a2f6e889b5a5797a8f85689d78eb40e83,20
1a0b56776ddba9540ca59f3f6bf4144190e04328,20
d5674df7fc718a7002dc30fcc1b92c063e827295,20
8149ed264e1728594d03a174cda399f45256f03d,20
8a6ad990ac225618a6157a1903f825aa54330705,20
c88d8b7022b3567d8d862ba7457b19d67fc535c4,20
82ebd0e29cf1946e0eb446ef6718c72a76167595,20
b4d72d8621ba1e180a32bb8905e2cf21a90059a8,20
86d7de1824e0ee02c6e3b49202c6a9ab19d8a217,20
703a30069b01f8a7ad30e60f2e378746c3fa3ce8,20
89092a6c30484543fa8d5476cf8a398c51ed24ad,20
9a9dc97066e3b97a546da990c614be676addf7d2,20
9bf8cc9579e1ca44c4eaca07d61a56fcdb56039b,20
305bef742ea0cfb5c5f12fcd36a635d877be0697,20
1b508b5dd12d4e171e025dd4579e9d9d92113579,20
3e49c7be3e07fc74311238458dff4067418b4b2b,20
45790ffea30fb1cfd002b3c916bae9566a1c78c7,20
17b610932be5fcb2c689d472e8208bdbe05ac025,20
daf736d5d7346075b3b8cea372911a384a2f78a1,20
65c5f9818741cb9a2f808ef1cf41fb7177ee1e44,20
5fc654752e5d75c226bdda07a6dfb259ef0a2de5,20
a851e333055c667d07bb7d19bb95e9ffa26c0419,20
f447f23c29a2fcffe3d48c912da0156795f70cc5,20
5424e7dc820a8a1c6506f84383701e256eda48db,20
c3f0dda62bd2cbef6fd8d99edb25a25885853a83,20
08eb336341123c435b93f5e1a18692be4fd06e22,20
18dd0236074bd475fc7875422ebd781da53c47e5,20
ed6d2ced7124d11c86b5e2717f163faf707d0a5e,20
0f5149159d3f1bc19e61c3e46f461cfcbd976584,20
4afb9c8cbfa63c5ae501677102c13cf0a5b9492a,20
3582dee6e541eca5fc1f1b19f8baf73815d6f01e,20
796a6ea851c349233cfab5553f45308ae12ddc6b,20
bf639621f5ee52538ab5dfbe3f29d95d0dbfdcfd,20
b00715e95e287912f8ee3e5343ec41ae8c2a57ec,20
f0def70b641db532fc2861bf053f3b97e0828bad,20
566f7ec83a86f42b6d10ece44805c5285311aec8,20
a49dba2a8a9552f829ad939f3177558aa4093adb,20
e25a64fa0f82bb4612257093a493619219215ff6,20
2f62175e1b43e62e16c42a56c09a240231cd1003,20
08fe201386b112e29911f8e598d0b9e1ce5a7b61,20
c53b69262fb6f9f2090791b1ade392839bedee0a,20
64baf5886d21fb1c6e0f4a3b57b05a5716d22c69,20
f73f9e85a1601092d79f30a2982e41b967f05241,20
25aba6e8409854db403c3d96518ddcd6512c5667,20
8bbfc7c903da4a77f6db0b1de5ebe5561bdb1387,20
f5c613f8de4ce3a7cb4012700136226a05d5f108,20
32e015ce91f0346413e7e877b7c2816ab33f07cc,20
656a0b3e7c2873946ba4306989029f13cbc71101,20
45b868f3dcd3c39c5362cefed178f80108848a25,20
23e6783bff5508ce48789b0016353d888380a0fd,20
f783b6f178a4730bce562d2c0016734562f2c1e1,20
95f2b67ec3130b195785d4ab8799e66742731bdc,20
920dd50d50d7d379d3844bec9a08f4e2bf947dbf,20
3b17ff0f19ad3f30c61941059845a3fcf9032b0c,19
35ca6820cd6dd37b907e7cf06198629d6c435be9,19
7e58368d1b32f149d9790b41f4c65fbe5f9a4950,19
b9ab3e8c0bbbeaaf928a02fbac0d16105b1da87d,19
23e898ff46bcf2924f7a1f97a45e4ea6fa51d402,19
4e354ccb1707305967483520da89c1bfde628777,19
3d10385146f8553066e22f0b78d463ceae88118a,19
dbb2789895597f6f51bc2a3f04169918ed78fbaa,19
178caccd73129aa733f4f34669edf2b6e4d79fc6,19
161656b20581057ec25bf34ea285d3d46c5a7932,19
29e44d3022c39798d5528ebe4f395e02c0a2b0e8,19
908937f0809354ea73e6babb365a889b13eaac9e,19
ad044ecf7b6dd3f0a95cd011ddd4c8e7d302ab8f,19
b8ddf6704af31817e6de8727c6a75efdb4e53f3c,19
6c71adae05159f9868a24bfbb5c2f86f08acdbbd,19
308862f434f0fdd6c2b7654e5a499df26504cd4c,19
48a7d7bf4025d6b2fa98f00ea43b91becb7a3f27,19
b3616319ff1a876ee82dc3b6066caec5091d0ecb,19
27c47c6a87ffc79e47daf2c515374099712bb28a,19
b71180b2e449f76adf7d29c8ca82d8f5bb0b39a2,19
3cb4a1e8291f25fd91ae2637e82316529457d699,19
e9ab56d61725f27f3914b320e8f7d8d09bbad290,19
fff1c85f652189a0176ed9a49809425798df9902,19
cdaa8ad8cc0428dc035f17a31d1076cc473e15a7,19
2122f87227da4e3007597d94b6e121a9c7cdad57,19
0f2956229958a4941679db0b8bc846249c0bbf0e,19
3a978ca69679f632cc388e2823d3b14757462a47,19
1a3b281b2c35b1b4fd076cb7cf867d46810e1d17,19
9a69cb347aa259497bded35891e74e8fd1ba6702,19
afd562823db65ad6fa8af2e1ed4c0dd383533bf2,19
a14fa5bcd1f7032ce0b123e40f9ed8a49dafdc87,19
7acbed18388f814d6a5e5387bcfdd57ae4906d6c,19
512688465a851dd50a3f628c13a91bcc2451ff46,19
8f05740837b9776ca3f02cfa8a5831ca4b60a3cc,19
989309dede6739a1c7d6d667f514fafe4c428f67,19
3a99239550bba5ce90cd7571e20518e740234a2a,19
251b603672a36c7ecb041fb4284f6e8ca496c1bd,19
7eaa4c7a783a9844421aa88538fcbaa018c5d5a4,19
8a3d04d94bcb224066e7de55c54a3072f963d17f,19
b676d9045aafc8da00a74a44c593c78540abb615,19
a71e9431e164b72091d53b0a3d5927972b414cd5,19
9d4a037c8ac7832da6a0eafd6e3842dd2fe425a4,19
76e198619c0bc1ec3493f5135eef189ee276c3f8,19
9c00a69c50ecb8207cf6afce2315979d57231468,19
80c01acfd2c68c33ea81cdca65bb71e6415453ed,19
07ab7d122abb3307cb77ace69e22308f2a3d383e,19
34271be8f5c09acf08d0f4b31d560896804ffb3a,19
c3351fb743e5316ffcbcf438dcad81e8b502cd85,19
ebcfd4a2bb067d99163924fa3e30a58127ef5fb0,19
800c844004d9a3f53dd102b443b86c9c4153ffba,19
46cd0267c91f3e74633196caabdbdb1deb5fa423,19
29afbb08a28005f1a73c23b7be915fdee0e6774e,19
bf6f4e412d29e6e6a1298f78383dfe4c3b9cf735,19
f32078884ee9527192aacdef92100b71220891fd,19
fbb0b199ea7096c6c17a6daad05ecbbf80878239,19
3342c5417310df0c031d90ccfc37a3b672eda187,19
5b54a177ddff606725d16ff3b377cb8f54c91d56,19
82fd8618da758da107c7afbbc22cede73cd624b6,19
103999503c65eb41debe365a687e9402de146747,18
ad471dfe1374750fa04745d74f32ebf41990ab71,18
6c7afba1c8e4e821bfbdb6f1f3cc45093c4cdc9c,18
0b9e56f43fc7cf191c94ad2968ebcdfdd89584d3,18
26400e56f94507cb7a8097b8475aa7b61945d479,18
45625f5abff2f1c81d514a4e1eabc08d4f3f5de4,18
027de2a9a0a0d1624288c48695764100d9a954d7,18
c72c6d3b1f6d5695a99df8dbbbf1a8c5a9f986d8,18
c6192e05d5df9f33c96e6d15a28261ea9e7a9c7b,18
e168889e1fcaeed5224299fa87460eadd3938915,18
e62c843c3b48d75833dba059baf1a9cca33dc08b,18
41298c15d543e08148a8431241910e1e9dd53887,18
a55698485a0c079b3f1b4f6fc4565d8b49966b43,18
85625721ec869c43adaa1ad0fee9264a0cab0e70,18
97f4ce2b8ecefb13c97bb4214612e3b00e110fc8,18
36d0bd213fb5846e69fc157dd06cce917669765f,18
e614b71ebdba096b71dc152b5d4c6366ab6985ae,18
e4837bfe674632c6fbe6a0f8f592dfb2d4bb2d16,18
95615f1d806399fda103910449f28019deb2be1f,18
c51727a7faa26e53d341b529732e58cb80fbd874,18
8f8687e500ca46e558146be02512ead8ec4d1034,18
478d22f19720cc86378e58b9d229e3648a021503,18
1c328873a29a17a2826927e6d479f955bd971118,18
539cff8502dbc2298d97cb6b65d900b006a86538,18
982fb27eee18d55d90932e9a81a5e4a23bc4050e,18
721e9c63b4ea32f30d2faebf137ad2442719536f,18
b0b0a11e2df96769a80b2cd91069d2d92aa54b7f,18
731c542df1b8aadcc91fc21cad754395c76fa74a,18
980ab78d44b4fbc7355c1f5512a23d02f3350c1a,18
04e948dad3026b7c1b8fa7ce77b1aef8d9ca4864,18
a87f60bd3033a45c12f675e24d06966612e45a3c,18
ab938414633cf255cdfdea27f56c33935d10d8d2,18
40df5374f02d1ac0f4f3dd89d0c0b73a84c82f18,18
cd6ce461752733207b00672f421e7f4677b87a16,18
5342db44967d4842b2531cc0226ad5a17ee2416e,18
46af8b484c8131f6e76f7162c59cbcbd429bde0c,18
c6db0960142329c5a48cae86a5165dac2f69e4b5,18
39704bd6bbe392862ab0db82241ab3338e827530,18
86668413d3e0cd1e80f5615860254b7c7ac1eab3,18
fdbf3862b0b41185242ee3a9f43f7a73efd62bcc,18
6f1dc410c849d3129d22755525e2398640fa4fd9,18
abd39251b7cf5ca882cd4fee9512169f84e8ff55,18
d57c928a8ccf036ffa2a4cabf0514ec3109cfd82,18
1310ce7818d1003f6a6e75beae2aa442e90f4e0c,18
60078bf68cbd11c681da4b16c74db08fed4dc432,18
3f7aadf8dbee7e8159e6c1870e13e03da15849a0,18
eeca589bfb546c57c5375c5bcac2c51127dbc78f,18
eeafbd91da7b2fad4ad50892353fe722afa3d0c4,18
8a99f502dc26c975a5ed0bd1412ea524be407b32,18
b2f90e85cc8d91bf13870e7495b079a73ba6a7dc,18
ed79b016684c7e1257ac05625deb758af9a95f86,18
d5d0741c16c5eeb75422baf1d4372fed6e300f84,18
a16faf41717f2e4b0aa9f20fdde99c8817dc10b4,18
761b758fd2760648dd97552f690e87977698a848,18
1f0d6038571b8b02ab29b8744269fadef7786d65,18
e2f469cc55ec56866d8825753809994d5b21c3e7,18
33e2605b31055d5501ae20d6fd5f8f62633ecb70,18
9f909bbca669807f1fac6e9e291d0d3fe81889f3,18
1390dffe1c665c81c484321ff030bab37013d9e6,17
73a93621c752b4bdc1960ae4aa4b8484d06685c1,17
ef8a1e548f2219a3fc4d5a3e0b376b36f1b10fce,17
b56ac334b49f322adea7b81cd3b033d3f0af42b9,17
34114046bec1214d30366ef365e997f82fe6b7d3,17
cce9e03467c1460d73bd9f9c67b05c1c6fc5f760,17
a1a074df8c6fec3e6c483752ee62b6d363948be5,17
ed44fa70bc0f9c9dc7bd0c709cb66d020178d2c4,17
1885cc6ee8db07420f69f99591c1d20764791ed0,17
c210b53afd1f253436964f41706577ee0851b8ed,17
8f7036135d60d5b002596687183a8dd4ec29f5be,17
7146874e7b3652063242799b429d43788a02b0b2,17
44a61281746d9bba9d4a864b36aad716307c5832,17
41283d7fd7f08d869b1a24f8061b461491ff4b15,17
95e7dc31cfb9e208fe27bafe6e5d5615e4d957ac,17
ae00cadf90feec77115ebc89cdf6e5bf942cb93d,17
312cf94bf694eb7107a79ff9965dc4079ec10d6b,17
724c7f4db3162eda5d340d2906f50240842ce676,17
dc827811c5428eb494b66722bfabd9659787885a,17
85dc14f2e7db8a4768de61c862448568475a5241,17
457e01b1ad7672afa5204aa7a3fb1c0a2130eeba,17
785ed1cd5cc1334184d64ba814753595b67bdaa4,17
7c9eae7bb9e7ee2a0bba4720619af5c331a86868,17
fa112af4478260f9efbb6054904a1b972fdf147d,17
b5c5693aa84f08deea61e2da987f86e2663e6149,17
82dfdd90552f67d46ab2e6d60f4fa8efa5bc4918,17
55555ffc78349cac991839cbffff0eafe6a231bf,17
97adde62c42b92549c22d71128034077020be2a1,17
5df96e413668de3343a7693fcc34afee07198964,17
ba9fa72da4951a4bec2b2b1d833abb24ddfdb4eb,17
c1f9d238ff7f2417337ad5c569e5fcc283b117f6,17
4f45da4d3992507f505fdb0212b03adde4b55e25,17
cc045377f9a810f2390214e9ca7fd593810e9f65,17
d2b04c0d12673f06440c3e39cb83de7fb0e3d0eb,17
ac4b2ffa19b024e6853b6b0a35c3a9fc4bf1d314,17
670b10cb98d314ed1596c6aa60a2027c16b32167,17
e5f42787b60bcba8358913662f43c1f26d3a156d,17
65401a39707a429bf58d0114598cacf522ce9359,17
2e6f01d758729099df422c3d042e5c603acea417,17
bcdce4ff08dfa1b6af5a0a029c3b3b0b188511c2,17
3f751b71c7381938441e0eeeaaf50510829ff118,17
cf173c7098bbb1aa1a7473fde08baa43e3452770,17
c43822a2a69a9d9c1d2d0d9aa46d8902a7acef4d,17
a8e6f3d66b1b4e25b873e9f35ccce64d8c73ee54,17
809118ef8fc29be88c7b98a2defe427c30f035ea,17
528134c40b125ba1fe43820450b41859c2eda891,17
b4d71a7a2e6a9d3b1c134842b8ebfd96a8c2983b,17
efd7fe7844f52eb9bfbbba84706185cea8a3fd78,17
041fd395f24bd4fcf946b9c4fefed807c0dfd811,17
267c7a8a6d624b265160b10663ad1fcc5b0eead1,17
16fc58f84aecfbd447c7038af84aa97ea7f4169e,17
04e6695f731277efb1cc176f4d1f2d361e3e00e2,17
2bcbaecb20c6f95d727b0d43c007f573d9cdf220,17
c73add95619ef8282a9dc1b43c9a1b63fcec37e6,17
31796dcda1e14666569bed2cb5f7a66d1ccc2f3a,17
2fde8136d52ee834afea5a4a3be4eab00a44c99f,17
0f0f6fac47dabb71fab114ce43ca505d9250781e,17
0279ff84e0eba2aeffb879db467740fc783a7adb,17
51877cf6855bcdc722510ecda784bcf535bd3e2c,17
fcc75c64eb997d026098276a090081bce3ad3e60,17
e014e8f5c6ffe224d286a87f5179a587737f24dc,17
7932eb53bd97221c3814c9c4a7beb9bdc05baecd,17
508645ebc94f212ce26f666f44b4887979cd8354,17
3fca9121ba5cb479874a9ffefc54b0529a9a0378,17
a3fa69159e7af62584b459be19f088271837803e,17
9843eaacc56940e466dbd97b30fbdf84349d6688,16
63e3f6b04bdb6eb413bfb7c99db533ac793cbd6a,16
499136f79fe256e4b14e98b20d8c6454e649e7cc,16
4ceef96aa9bb6b9ecb2d71a6e3765271a4b2cb56,16
30375181077d2bc806d06ccbe6d97e1e52a6df39,16
9a8f6942910dc8604f4cab92105f73a67f2b5fb8,16
dbd0a519198290e759b1411ff96e5e24470d8c77,16
e07d2ff6fc49d5b9d88dff03f21db1b67330f143,16
985c350c5552af1d72892be0fcaf28ebefc8c622,16
c268005ed3e742ba88dad6cb7798d5ca40f7482d,16
8c1a6b4add2d31c87ee7c35cb42c9f3845ba9921,16
0a19002523d810a9a8229b1c070bc033f537359d,16
d14b3a2baa5fbed7290d5ddc0dd7eae0f456a07f,16
b62def241df9a727920b615147d162b597ea0656,16
39353ab2f86dd5337e728a530c3aa2d84a021b7c,16
826ab72e6e1ee5447b45d1efe2ba1af4812b4640,16
5a204e0325c43d86ff534beef04a1d91a0e9dcc7,16
f4bbca8179ee1ceb4e3fd49c6004811ac5917a8f,16
d3b1456f22f97ce60ed4e77fe9e22710559bfc24,16
2819e060904f117275511bd4d59af9cd235dc245,16
85c5f9c68e4664b708e3c83c8afa428c0b4b3af3,16
722fed757bd22599165b10355089faea6fea9df0,16
f55fa39babc24db9c0bf523cd9ca99904eae7551,16
98877ed6b7033cfd2f601c14990afdb42989c9a7,16
a22c41a1050e84e0626df2b2232f9f0ebc78d464,16
fe9bc2e57c8d5d09ca7033b80a743e3c1f2feeab,16
e0ed0a6edd1914ea6dd395023546200bc04c9aaf,16
bd2c73fd4898c640b087424cdc38bd9cde094b24,16
cfc1b4d6797eef85236bfaffee0c853750376f25,16
dd2b0662d39ef0430702630f765d71fb38efec36,16
08bb2d46191aaab081d8114c1a0cf3af2088957d,16
63dde5b1c4e4e161fe3dc2af1c38bb6fd21cde96,16
c8e850b968c25d3dde6ca3bc8b97874995260a84,16
abfb0d6b268b72e3f1bd62c47f9ba985b3ce912f,16
6830f866c05793002dee0d5dbaf1b923ee40e1df,16
f567293f60633025846e99db2ca0e57ba680c7ab,16
0342055189c42b71959b1a7fa7b44767bb7564ac,16
8dd997768f21e73b6ba46d08363e1f9c0c31b6bc,16
3eba05e44de13f0d7386558b328e1bb3830fc532,16
e08a4bf227ff28d55fdc3a55ca02257e04842a0b,16
0cda1adb3fc17a605469762a950514e3c2b6387c,16
6d75cc19e5c405c5649a7489696d85a57518d5fd,16
959c8d6cf4787dec33d53ce188c5656ae86e37bb,16
0c3797f33e426bff9981ae3ed5150b02d0baba59,16
c10433f12514ed850749d8c165a32795549cab7c,16
1bb4f94177eeb060f388bd502460cdb414f8fb9b,16
8a0d3e1d45f2fcb6102d59c472ddac5b38894094,16
11d1a2e2b6d0394cd1c4cc01e548e5e54740e622,16
d2ccfd22e8e0901ea5b5b88ba763e502555b363b,16
5749df5f4e523ee91583d6a125a499451aa398cb,16
081f4b2eece10a39e60ed31b0e76af6d80fbe463,16
350a755f96dd6bc4bc608848d597f53518a62004,16
59b8ba25322048e86b58ae3fd105c1e9edc426c9,16
2968319bd6ace52d31105912dabee70421b58dba,16
86d0bd951ac6c5b06285102f43eb5e3ec816ef8e,16
e7542a35193d72c8b154fd26e9e1603f661cde48,16
a8717985bc3fa8a021274c9660562d1493c6a668,16
e5b96f0a41b0a4176d7f89fb7a35f52a4b3c332b,16
bb200631ddc15711e017c193b5017cfcb40956aa,16
e0e091f4cd54b9a3ce7648e1c61ca6e6166eb8f6,16
60f73109407879f53bbe02b67a573b084fd73a82,16
24267a48421074890bcc97f56e2202279296037a,16
600b0bf98a512cde6879ab72bab923316c3d5187,16
73863b8e6b28a324fc0a5100d979754727589363,16
ab1845acf449a98cf7a464735b2a3ed2c2d1a17e,16
0f1350d37c79cca1e71386dbe0661a8381657626,16
9ce1b4f0df143a18811b81a06f482fc3c81e28fb,16
fc7990d3d51a9e9ab0c81b1121a85f7c8739010f,16
da3700590bb35f2cc8fb9cb419758d1930b9fb8f,16
82e205284eddf66f3af71971753ab5c3cd7fc241,16
5ed190c1395c54f0d95af15a96334469efb899bc,16
5717db81b7a72db7dc4ec7dec3b8868be8fee9a6,16
0073fc14de48f03dfddb53dbad057e4f29105081,16
f4560693451e5c957de27af4fc8bc030f2e25a0f,16
087dd32aba6fed95770d5a727d790357859494a2,16
3cba5621e34ffca47d3dfcfb779778d5d7753663,16
5b2a1bd12eeb9fdc60e5248f96a894a718e589f9,16
ef7150bdc6dbabd9e6fc22dc59a2bbb91c01dd99,16
04a91385cb36097f40bc9714f26f9c58d39fa3f5,16
c673aa9a2fb57bc8ace0a19af1a3acc096703d8a,16
5afddefb811ff8ade1311b1472cc7e3ad1af97ab,16
e6fc68d2d553a46764b1ead8c031ee86263330fd,16
ad188491281650473210d6d9d483263b9afd227d,16
aa3a730231a322b419bb8cb5d9508e32a159e17e,16
abf74ff92d9f0a55902db55be80a977cfa91fd17,16
0eaeb49affa498c2c372acad530a72c6b594d16c,16
f48e8ce52595c65b73b312e34d225b6cf153cbbc,16
f700798056bbd63ad3e8c3cbe6eee775d3491973,15
e550b75136cc9a6ce0079704afb799da30eee0ee,15
259b0965c4eb4a1ceea738b37c2e5cfd0cdd95d7,15
7b12384ed15ce695ea074768d656d845983d33ee,15
f473c9d3261b696e3927d6871ef830e3218d4895,15
9a09310efea068d51a8e93a96a89841380e8e479,15
03cdc9589505a716b2b913a8b3b85cc98462ec19,15
5e8405ef788f31da612371d0392dbe8ff2ce7659,15
157b978a87b33ff3bb7f76accae5129167b994f4,15
e39435518918688d810fdece62d79710c214375b,15
4673ecf9424f07cea7f34d9a1ec0d62ce38559a2,15
4c092f7211745a4e468d2e553baf46413484e5d1,15
bbdaf6093363565df867b51b37d86cd4abaaff84,15
b594bc8580c2f568e581c948e71b681ed3320b44,15
e930ea18a17da1497e41e93277a7a583caf3e6ad,15
6b75c12cb61cbbe014fd55ba2f26ad5a08a0cbb3,15
7f6859896c73da2137736589841643fc1f8ab733,15
2ba8cf30411d0a28653754f12d12bea2a679853e,15
059de3aaa1f0b7e8825e83b202ec4eb8c33ffda4,15
454075dcba495dda9494a943911ccaa464d3e127,15
4a76d33a5013b6095a08b7b313aaa5c6e5906fb8,15
63047dff9c92be77a948ce8205b8e1377bfca830,15
c36eb960182be6d0d9c6a984330bb177af131a6d,15
487597539a52a9bd7be027614cf793880a193af5,15
bc8f07d281c485e1c10e2141fa36fc75015cd913,15
b251483eedc2e93bd04861d673ff5a1b011300c4,15
2672c2246a989bf7abd4f03c757a218da2573975,15
f350f274245d22287d8125e4598ca6d83de250a3,15
6dd451475bd5d11530ee5e8867c5e2dfa9b13900,15
b270ed3870434495d09c352b671afee83f9a9a11,15
6215195b1052015c6811e83fe35092ef4c505a40,15
4dd08aee4e651e13f01f01915856f15b0946ed44,15
7a0c983f1012937a8d9780e285b3f159f7b54cd1,15
963d799a44c9b2cc81016b842be39a90bb6be630,15
366ca850e5ccd41231e9aa16543e1bb3318b65a2,15
857af4b9d0f22a0b66c0905a534e54ececde0e63,15
e37dba4f55c92d67ea110c5c36a3b147e356d03d,15
dce87b099c4bfdfe53af8c4b3ec78cc1cca0dc51,15
bc819d62781a13edcb201b2fddf45a5311b47cbd,15
043d688b1fc196da5ce4dea1de373ac2deb4da50,15
b5c44ebd85ffb75a2fa781e956698ede08e3a5e2,15
fd469bb9763882d1f5a17147556d1f997360c614,15
e24a72d800e107b474a0da5d75c4909eb6069931,15
ecf35db7b8cbbf16149097a7c5df3f2268506b4f,15
ed0d4c49ace6ea750479b57c7bcc8ad293668250,15
da01f81709ea2c4154d686f9f22d035e51e71e4b,15
cec573bc8e89084173425ba3e2f9efa46eea0cf3,15
b9fa4c4d10a2e3f69218b75119b5680fd206ede7,15
72cc8f204f26d0363b4ca719043f509f2d28467d,15
2f316d34a1bde3addba6958a756e3b81a9cedb66,15
4823f546957de3f8feea08b590ebe681352fa3af,15
ed6c1808f652582e832fd01fc85fc9036eabc526,15
97c3bc3fef1a71b149f1095f758464e4b18eb35b,15
7b49def143ad9a250afedbc22a077ff6a24bf0a3,15
70d9f71d2685dda713b4a80cf9435d62168c2c34,15
565d586b0c4a1c75735a99b39a486c96d970fc20,15
17eea7a78016bb32106cbb81b47348a06f48f97e,15
1615c29a6881461d58c30ffae37eb2639c515d48,15
ca69127973d1f8713cf858c3a5449f13e1b1368a,15
75d72905d36bf602870fb352d9226cfd9e971792,15
6de5aad16fe423e8b85e71934b38616ce63592ce,15
d746c59d99ee71ede8db54ac4466832dd018b4e0,15
60c2a177ca011bcd18057a1eddc3e0aa04d9611d,15
a9932cfdb1a0b53693ce01f20b15e5f8f379eb6a,15
4a7f9ef591f77c5dfc02f0fd4eab7b28e157f8b1,15
33edb2d840a2573e954fe60c169b11706cdf82fe,15
1db191807f325a335046ecf48c1326dbe8719a13,15
e990f7d7813f6fba883005ddc2e021f4974f4edc,15
7f3a31bbad7219896ca6ef3ee0774dd3cd424c46,15
db257888940f5d7433b7be1f257fb6f1962e2117,15
80d90437012db08e88602666adc1ac1e3fdfae10,15
e8db222d71abeb2bd61fa3ac2f850e1fffbae763,15
3a786eb4a4872360262f8dc511870f4990057fcb,15
45330fa558166e3697d92965cf975933453c123c,15
c21299b867573c68259e708aa5e8fde389bda74b,15
7e638fa73be1cbc2500e60296880d4d86585a7bb,15
e0589878fea881f7a30f5742a995b5cf84c57b85,15
33703a1ab3a4bab346509687c46873a57ca23535,15
6eaa53eb562dfc53c9ffe74b65c550b5f57b1659,15
74cc28cf59bbd781eca428d958a91c2ca9d13d45,15
60c6a142c0f88ecad2cd8ea101f85cdf301d5202,15
a74c22ae0eebd028849c09a2171639377d4e0bd2,15
2c129248ecd8a6bafb9253d486302a1c0dc952b9,15
9eca140d7439892742a05ca42bcb83c3f8bcd22e,15
2a4793755da39cc3a7abbcce4b7dc18eaecfea25,14
337bd62fe3d1f8fa4a8dc1059791af2af1a85fd8,14
34bcbe5de4c9750579c214f2990a526c8c176061,14
61c7310fc40c4b709b9d8e0c368e68193b52ae4f,14
e4b8ccd7181062117f90a2ae5c9480fc2da4459c,14
7cd007a05ecc1289c65efa308c43e976258b67c1,14
ba98e5d777dbfc68a350a9eb508c8d125d76e803,14
59030033186fd793b688e445fe37c25f3a28a7ef,14
bf1df9484ac9d32bcaaee0fd8b7046c1054f01a9,14
f3125dc3d8ad6eb751648e1bc9240966a976ad0b,14
b05587fe1d15459847308e98957156a519d19253,14
d558e5ba58e3e7008fd0b38719db460721a69a95,14
c0b1d544edfe9372cf1ea738d4253fd6138cd141,14
7cc0501524d1a4e3623d104fb7ee5da1b8e63d3f,14
f3f9677eeaeaada044ef483341cb530b88258120,14
9ad8dff19df42742e0b1f1d472a81bbdac940a67,14
b158ba42ee219fc5092110cbd13816ddce627ec3,14
266c147d6a995fb393c14247dae06e33acc7653d,14
29f1ca862bc978a23a906d4a022849748d9b020e,14
ec44393892364887fa36102c9ec50a300564bb9f,14
48e2ee37b0fb4398dc090af3e306a5569ea757c6,14
5ef5ee33739324062f29575e0742f3fea059f6d2,14
781ed2e398bc3f05d4cf9413d8a2006ceba051ef,14
353a87fd12650cbab907b752b0736d7fa3cabb57,14
ec2f0d4c4f42ba8a5cd67bb322c5623224610633,14
be614b20a7af0a74c21a1f566b445b2d1e7a3c9e,14
4a71c191131b0682d551f7f42e14311460fb8062,14
6d1d1e0c4b44ff8c7e648345f0dabfdaa85415e1,14
565f78b8025e142938f88ec004336a6046d3ea8d,14
9aa15b5f4a11a6b3d0b1dfd8c625e4ba371eb013,14
325843b060bc7debf6ca908ae5d675a19de4e1c1,14
ef7445a6295dee0b95559158220f23868772b66d,14
3822e84a9ac3c6adc2e0a82bf027103ee07b116b,14
479991779aa02e8f8a130b110d414d03a3eab82e,14
2a3f643a354925a01fc796abbe223931b23bae46,14
6d811b03541ff76237c27baceb1b630402ad9aaa,14
b583859cfcf4073bed785d29aae28cb53cea8ca3,14
052b9ae8ef13d3cbe958cbb3f64c9f40edcaa1ca,14
b83f1a7c6c80c199d61ee930af639a17a3422539,14
3fb7f26c590cdc364b9b1bd701744c3f4ba9c1f9,14
7be0068becdc18e4be41dc712a52725cd979b359,14
27a1ef9d46915964261d6f099c41c86159056c08,14
530cea422fd1549e3ef0ddb23d4f91638871ae75,14
9b51ddd78196ddf6c7eb0d62eab0a32ac6a61096,14
3cf338854dfa5e180b8b029386662ffd0ad933d4,14
c6da175dbcec3abd4b194feb29c5e2b5d8fb024d,14
dd71c157c85b6d74b2e98329a7978e4020f38277,14
0431eb340340713dd0b6e251d0aeebd16d1a63f8,14
8af2fb44c9344eb7982f099661566386c84e84dd,14
2d27cde8d604f28ac869ac24f9ec7b9593acd6b2,14
d905528eccab768726d39fdd9f17aaa2ba8f43be,14
3d5c37d99760d089472c8e514f888bf1035659ac,14
6b17ded7219b14a8b6f13ac41af06db2900c8e6b,14
44774449adc5de289fb3726206b770a75ef65ea5,14
5c93a6f9f81eafbbf7c78d8e3db115963bdf2c93,14
3ecee56fa98180ccf1225426b812e5e0ce19df59,14
2ee2e484126aaa8cb9a2a342ff5cefee99bd3e5d,14
85bac83d03204a6e3876ed32806bd080fa631396,14
5036429a0573e8eff021e818fe1bdc28ed62f717,14
9fbcaf18eebbab14ae1194fd3c9222fdb5968175,14
d31f60a27d4d7f23a24af8f0307a45b44f47689b,14
1634e0b57154068b6ee29cb4e1cc7e4dae50d390,14
36b070c6dc5840aba92eca6129a03d1e8a2d568e,14
f810519a45e01fd9e700f2d46566255e903fc02f,14
97f50e5932426283d1f25b929fb2f2938e66a933,14
8653934d699a9c1d6b9112a04399b29f13ead290,14
2664d638450d1cfd7276883352def71f51ee7c2b,14
3ad52af481916b1910c7d1bf5c9b8644f66935e5,14
68f2381220554f11f638454ee00adc6f029a702d,14
8f7a5d6e760ab451b68699d417c0395d1aeafcf2,14
aeba545414c03c652d59688d367aab01350d94f1,14
f585881e25b9c211b125a667e91feac3f774bfda,14
3ed56831d3cef626f80a31f7ae2800badd66a635,14
1cf4d16a0d55d6e7532edbda21ff62a489f9c33f,14
c474cc8eab6085ec8bcd2092432289b0af9cc8d2,14
463b25b43fc3f4b9993dc7048e9546e99633467e,14
e7f6648d66c2dfbcbb890a488c8eece10845f242,14
dd99bcab236aa13eb9cbe0d04fd0423b8368a870,14
48e59396277ba7d9163c662a094b2ea8e01958c3,14
f89afa6d59a2a6ad165f77cb65b40ba281d9bc2f,14
879a3cd2693b71a56538aaff08d8ed898b0ef66a,14
5499ec1f89b67ee12b1bfd6e081d2ca710ea13a0,14
20d3fbded8bf19dc84974c2efdb607bf0e82ce8a,14
05a6f6f10ff9e3352bb7cf7ac45433e86728594c,14
6417a51f91abb084d83c69ac3bda19b7f4a55171,14
4e4962f3d4eeb3dca12e00ce92c3ce56b768f2fd,14
00d6a1dfe6399a93d49e258b283720fe010d32a8,14
cd6a1de496df9593f6187a1eecc57e5bbe2ff31b,14
58c00ce561abbe01e7bea8f56cb0200b45dab90c,14
3ae90a2543213abdcb437d75c7bf9c359247f3ec,14
1e77dc6f5932bc1c7c0447b4d198e37ecbf9cb8d,14
f0b256c23831873eae85689e2f56a9acd82d2c17,14
36c5e26682ec37a3ba5ad6bc55596097bc82658b,14
ec7b22715ec05561ce4a3e07ddd89bbb58017d04,14
2e556c16296f669f7972614bfe481b69acc380b2,14
1a7865e85d23f3260561d2ad4a6c03aea96a7f38,14
d5d5f948a39279944c5fbfe7dfb4ce389349a831,14
3b0997503df0c9aba9abc4b7baa364ae812c5b62,14
1eb1b7a22056c26654b1d0e2030315f510ea1335,14
5b4d55f01d98698f90ad55dd896d7f12e3a52c9d,14
160b7bd92f5809b5cbbb6b879e84872764f95def,14
39c7b24f22dd23779fb7aa4cda49086700ed461c,14
ce918e83ac544066685471ab864a18110d34a34c,13
2564cebca82c81db823737af4cbd3a4f38e05437,13
b30ecd96275ce0003656a67b1f339e91b9842ed0,13
c2d5ac00a2cab22d981c4e795f4493d260f969b6,13
58664b67df38e15a5427ef7c06bc88a1311fe98f,13
85f037692514db1ccf8f81fe60cf082b1b4afc63,13
6b243d9131b45364bcc7d9197a4abafd1e6e6fdc,13
5151085881544b4abe1a55c53398371b853b0b1f,13
8f5499d86f9b3aad3f59e821c0e9245708702ff6,13
69f16d1eff68aaa6700110d229d517f16fc1475f,13
2dcfddf67997b9427897994267bebd54bc2f6a42,13
4a4d0b810c8537234688af87a1ac0119b43c178d,13
f61955984f13fce497a4f0bd36c690217cc6ee93,13
6af1f5e61022b4a14fb7d0bc242a14125e9c4391,13
eb7c9f8f1daf50ee0b9b1ca760093e3200fed5c9,13
6e46411cb281ec6bcfa8c89c84181629bd119f0a,13
316ad26653d98edd5b85eabdc7c3d04b39d735dc,13
7b71f8e8a3765ee6ab5119e9234f5ed4a9d70d5f,13
07c29988259d76fbcd5a354d33d7fb152634b6df,13
5922c48fbf08aa760b8141a6b0bf1e8513792973,13
a9185084bd88697cbc7ab8c7519b690c070eb6f6,13
3a16203c15b7c57af21086037e063d5dda54250c,13
4910fd6234a50380a44ba02b01d3b56f16521536,13
cda0356e0eae02a245a50adcc036721a5ac7d392,13
130cc79378dc7aa7aaf1a6040e301ff2ad022cfb,13
18a98d42b6808381ddafa4d39d745d7ee9fecced,13
d7efb8b82de7c48c9a0b55d3cf64d8308c3e13f8,13
b5c25d59e3e3956e4cc6b31fce5945a1a3475e6c,13
6e65838a3e975c43db54a6798bd6470d85ccfc12,13
919a57f446dec7eaae7ae320dad8002514d69333,13
d9d5c76e84a7148835e0793d2032efba67d04d48,13
2eb9e3fde2bbedc21db53489e5dbd2bf87a6a12f,13
37865aea5afa041ca620095464f2769479ee5fe5,13
172e42a7981dc3b05d843266a419074efafdf02a,13
79cbbd2cd5708aefeb0644b20967c396c247cf42,13
e867924a923f3d603269de9770f8ee924eb8420b,13
c9136cb51a881dda6b33d63a4ecc9da6b81ef339,13
0412c1b1cb79f23d555b1f706c9b806fe1e169c7,13
3ac724ea5b8e7a6658621c8922d9dfe723049b1a,13
a6bac7e976e017ca77c03bdc6e5dfdf3bda948f1,13
46054ae72a75f249bfc19156c00ddde2717bd782,13
016a823f13b168ad18e11448dadfcea85dc6a510,13
b4c92e05b9d48fe9f32d32f1461a37b38fa6daad,13
9e696fec684ff2772bf7eb07dfa15c2de8b8abb5,13
f53d9b7f955eaaf9f8c5eb04390f4d7183b02499,13
cbac1460e12cbdb3e3ff333cb1fe831e4e8fefb5,13
c1c43f3bfd3116fc3fd72474198ca92e3dc7d3bd,13
22c424b88273b0f2dcb39fcac2d617f299e5757a,13
a398205e816be1681ec3510e5da6f23c3a6de75a,13
4d0545d984ef21b6d5f541204cd058e9c9c82555,13
2df2abe79ac8274af581ef62859f2d13899797c8,13
9010dc06db0fdd22af0293db730ed09c96404847,13
38d621ec4e7147d507f0c5c19732ec3177d7b203,13
9dddad629538acfac334198eca20f033ba84382e,13
cdee20268457092a9e08b91fe0496ddc363feea8,13
c7a625ec585f4a35c8774245896fb88859c418b3,13
aafd31aef62705de45c98cc7393ac98d0851b100,13
83f74f8e8ba49e3f7bf705af7c315ddf7c11764e,13
4bc0f5bdbc945c48ba304879b68af9ec613e065b,13
3d7e2839def442569fe866f9fdff92bb2b5eb2be,13
c3ab91f6b86eff559177875608aeee9687a84a1e,13
0d73e836104af53e52670c63d493584315c30bc9,13
d7c67ff6cf474da57bb2b89b03ce8c8183c77302,13
0c01f58ca51668b9f6f53b105758e0aa2b078c1d,13
2005473ca90e30650a1448633e276f9c8a4375f2,13
15de8ea52fa3817f24396d820895088fba95e4e4,13
0715127ada65586f63f202966c61775736d62840,13
acc6706d139e43338b28699b04d0872720b36964,13
4bf1a460801304e1aea3f795b33e39f2437347be,13
878f69c9a83c4e00ce63aff21c1941a1c01fce26,13
a29811aabb443bce477c30e716878ed0290dd656,13
17de7b35baf2c8e5e08dead4d74e6a2efc2e9eed,13
54e59e426af5094613ebc027c1da5ea4fd346bc0,13
e5a246e749107f767743559d080b81425e9fbc36,13
50ca7af106a7bebaec29abea4849afff362114f2,13
c18ee722df9871ca1bba2a69dc355dbd3ba683f2,13
b4a18fc470845bd928076dae9c5779aaa7314829,13
794afe1b915072ef57cfc76435b0846cc4c8ce89,13
cccdb9cf28a35736a33cc10a502564b1ec94d3cc,13
1c22b3415784ad15076799e0400f14d5e1096f5a,13
324464d824141b23c5692e1891363959bbb0c11e,13
16d9ee27dbd0f5850ac98f05c59bbda8d791098f,13
dd565250e637b91a88dd4307219b8ee29b567866,13
3cad0dfa4d3a4f06ebdd1a2aad8b7989cf9775fe,13
461a31b3caf43c85e950e8383a32274a85ecbe99,13
b2124d20fe240027141ebad117f93eb07411a24b,13
f1523638c45ac1ea035cc9571f28d5179635daee,13
b8dc8d438436afa5c41f5715c1a2a7721945dcef,13
45cb2122c73247df074f1d50a2372b6bbd595ac9,13
1e1776af4f1e88a343ec34ed0bac3e56332bd2a9,13
632c133736200a24bd6b04c414326bc4ab682457,13
4c6d198e464b951cc9476771cc21352966ff15a5,13
99cd66fc32665d18ddc5824b62fda5bfdb965326,13
5a7a2b64794674cba8eaec84f14c4a703db04f20,13
9253a119f13571d51607e5ce69c8f4dd5d33c836,13
c281137d1915e71612e448eeeeb8b459ced051e8,13
32eb341f23df458fe6729a6e1785e8bd25372e42,13
e1e6956a0b855f869e815ff40b6a43f1c1b36e94,13
a8f8f4962adb6cddf397716179a3d771a5129cb5,13
aed1c086a9faf101bee49b21c65b36f9b093db75,13
d08465a6f7ff319bbd7a823b4c1215a585afb82e,13
372b2a85a83ca85825e532b4b545e7aff3acdfd0,12
bed830fc3e48321e0158c6d27eef86dc018fa5e8,12
dffe28fe552a6c87a529b0e41d18ffabe5a5cdad,12
cfeb2d98d3f10e5382065b98a6e146d277c34823,12
cbcbe46084f65e236884cc6e9855d5767ce177d9,12
abff073d925f65c145a791739bc686c84ecfbdee,12
38bbd072fe0d28e343a96e2ec6a2bd70711e6da3,12
5bc49a9aee286c6fd20838b4c5de517a2e09b01f,12
d31765017a45f0042b2cfa2b726f58b5cb721485,12
99134d15641b5de0d46a3b18ecbd341d7c484166,12
37882303df83413224bdf18722240eba4a732c0a,12
735c6c3428203cccc056150f9f43a1a4276a370d,12
506fd507bc49b73def8b159ce3da7341b318879d,12
28f1980bbec01fddcd023e67159aeb12a464acc4,12
e1fa4f17502d1666df1662f15407fb94caf16546,12
829f619ae4056024a1e233ab37a541dc9c89793c,12
41999061e8d58742df2e90bfde06361c7b76c06e,12
7c8de1cf343c4367a26b9938301fcba9449a51c9,12
f7b0101972b4b684a80a3a5d8b90c34dae3cf77a,12
6121a18c17dbe33a144df8e8e7f1aab83cb9434c,12
522a222c57225f5ff5efaa6dc95d06be6cb837d6,12
b1f319b7fb1396f8ed05d910f48a3a58e9c54bf4,12
f053aaea72df9f89adba1dbd60d8087dccb504fd,12
cc0f571b5c5f423e5a1819d380f50eeaea288b04,12
e96408f308238bc794a74f1c7218db17e986e17a,12
88bf5e935faab8fb789237a58e1a9c07ddcf85c7,12
0387bb73cb51e1182deabb360241a014c67ebe28,12
59f6e23e18ca92e6bb040fc4a0a396af62b05c24,12
2023cf8bc42aacd858bb22df563026d79ce9c000,12
f337ad084eb94f805f720e6ad3b9b017efa843ed,12
b7b3dc6fa9a6e9faafd24a7e5e03fa1bed4d1226,12
5cc2fb641d632185779304e5f59b1998c7bafba5,12
778f9af0eee339a82583deb1556a07a61c808b2d,12
4ea7259e64ccef0cf2e02624633d9487ae243f48,12
21a18530484d50bac5d5a10e3b33b36dc999e6ae,12
af54d761eabf20ead4e6b597df9d2fc3731fcfce,12
6f960731a0448b115fdd69560720bab9d4af44c9,12
6a562a7a6ff0b84c9d480ae54405a641cc19401c,12
34c002e2ed1cbbece2bc6e059828a6940ec6c659,12
47a856b5ef800225694ba28cf9cfc41500f8a04f,12
647af038351f3dfb9de85dff924625923c8f28c1,12
82345a12010943d8adcc85ea95be09bbf32211d8,12
b93a45f9ba13b0d228e429d0def4e16f024d8de4,12
ffc0c5f7bb1e864b95839e2bfd9ccd64b1efa83c,12
5b8a4a4ce5f01fd132f8497a3afa12fe526144fe,12
3df47d169dabde4fffd3d59ca76fa5b053286bc4,12
bfed010b5ce8e36cbe10dd285e00d2a8ba311a5a,12
e7df88818837cec898f4799329ed3f79e4572570,12
72543170255f9b343ffbed1a23d9aa9344065547,12
cc224f5ecd25be9b9b7133685f178c0cf34325ec,12
2deed0d311e5bf25aa385095b37685bf314e0ff3,12
ed95dcc58a68a31544af57435f72b7bd8efae628,12
d699c65d29d67c6370b0b4290494ac77f1b20e17,12
decd1ac885d6e31005c963935ce00806490ee991,12
2a7a683ecad9991de657a4b53c8d20917c613c28,12
0c862b7515da5322c6c691d45f395592714b6760,12
cfcc05bbcbc87c239caf891abfd56fa838ac0f94,12
a595f78ba9e5750f18a761aef42d0ac7665f8368,12
bad1473f51de1ce7aec7fcc254c11a45b316d372,12
32b449b0ae9408a24c54666d8c36a8c0503d7553,12
87a8d7252954d6f057c00c20ff6f356bd3c3af72,12
509abea9d379e63e336c984dec2a7934ac635cf1,12
cba77b06f26d6633611536aef59edaad548f27ac,12
3a291a8f911850e932c1a371adfa443617203563,12
29a113a3bfd246c3bf6f9288c10ced081d5b425d,12
4ba2135c50d632ba3f68cc62787e6d304d162812,12
46f48f0bd3ebd6f303064070dc4eb3691fc046c9,12
c50e294ca40cc526542ad9861d7da52c96e3df43,12
54264f1239ba56c220600733d3e17d7f5c1b9bd3,12
6541964eabf64ab9e5f09fc0661ef3ea5243a443,12
9ff6e68be20d9d3faed0fd77443043d4416df7f0,12
688bb22ac98de113f5ae36fd8e997bd317f4eb3a,12
42321535ba5d9fc35db28bf619e85ddbbcca8365,12
493b804cc98d057710af4372f8ff31c78d791e8e,12
f29384d60ec70dd22fa977586e343abc5871c0f5,12
51c87a9106770da293389a7015607fc0f79b7a6a,12
a54c118a430460c96cefbc90aadda1091421306c,12
e80c74d916ed860ba6423289077152410ca65e2e,12
dbb6a0021914a4521f069e1062818a98c22f4f7a,12
4bf7c5659e16e384c90254fb997eb47e8c404237,12
5b160fb4ad3131ec11601392e4697666069b173f,12
08c8523f2f81572efc26136ab57a1b109db10221,12
7ecbfb6eaba04700ba20db5c40cf93777eb977bb,12
32354d45a663983d8d190b7de9d6183d02264671,12
b6e7e2797b08ddc375df8ac571e38ef9ec59c2e8,12
5234d56eecb006e4a62c1e1125e3b9a1f6e12e08,12
10b046fdce10fbcf065482bbcb234b7d46c4b4c5,12
b7b8cb04a9745591cc5fbf1ec1201f2d43986967,12
e2ef9276f8d73806aaa19ddd809a08956ca0c06e,12
54433011d74f6bf1efdaa9f5ae1acd3e6a733344,12
04b1c6f7c83522ff9be88531af99692f2a5872f7,12
e26bae8bf391bc0630c1b7039cefa110fdb3ac57,12
60b02c2c425b80e238b284405a5dfc1812b4fe1a,12
b40e8503af02036ad88dbf7338d203a9b3f0da16,12
652611e9573aa4f7788e4bf9fe644d78132ce91d,12
08ad421a2ccef32284c7d6cf6ed2f7df9faf467f,12
e0dfba2dfbc0008a85a661a5565d3eeffedfc4a0,12
e53ee433a0486a23a5b0990582a6f5627700c7cc,12
440305d8350d5309a4f665a2856ef974d799b14f,12
f1890a757eb6953d418fec23c96a1b732938a040,12
623c73a6f24d88d84d2235c8a639c80b80004b70,12
a8a1a244e61c91efc8043f6727e173f8fa2723b3,12
7b7a2f915da4bfa45486f9538348e9145c7a3eed,12
1c4cfd50b0eded6d19587215e574bb99a72dfb15,12
741cb618e2e51357fea69e89541d670d38b792d8,12
1de061a022e87614e0a5a354e2293b3d63286434,12
9b1991ad9cdf1cff5a96f6d6501277c4ab367fff,12
88b9cb59cfbc1257b149b4bf996297666cf3c396,12
4a65faf7ae5eb9e69be7ab7dc9c5f0a24af5f204,12
5e20a00e364e49cb5863d6217ea42813ff26d9ac,12
aa2f056fe887ae618d23ded67bddf7bfa797c434,12
1c7e149bd27116e7f7feced1e550e2e729559856,12
2356294e0c2209dd0d8fde51a9bd2d63ae98435a,12
954ef084dcba87603caace5ca3ac5e1bd7aaa42c,12
0679b59e878dad47dc68e1649f9519244ab39f5d,12
06639e7f09bc5684cbc622fcc2c951a30e354449,12
d7770bc0b2664d063fe1148417dd57f3f4f9a4b0,12
69520409e6120c127fd14a5fe65c177329424fd9,12
59d03a81baebadef744950e2d2da69b9e7d8aa83,12
7c0dd1d858c005a31994aed12fd2e315147176d8,12
14e3edd2ecbaad87348be13ccdedbb99b7b2f622,12
5974737f3157e892e79e81b44ca23ac049051b2d,12
82ecc15bd0125e1618061b0087bb9efb1dd9e865,12
47fcff2c6b66368a90c2fb5129cd14fec4ecad65,12
d3efadca53a3e4bc8a45a3644444cbdfa64ae146,12
23fb121e4bcbcf977148c451121379ef082d4e7f,12
8dae361747e701cf803cde0e46c62c1d484e363b,12
4b38b420d7d39383bbf10ff3bd06fce2c681f5ea,12
57a47ee23d5dcd50669004c3da4da235d980bdc0,12
898f2e1785e4ec4254cce689f2300ce309aa2b0d,12
1b3ff0969262fc26c070ea4dcf3fcbf1e9ba563c,12
819eb104f1e441fbbc483a6203fd57c798344f57,12
d98cbe4b8b6752b3c1c484b0ef55e24e84e2d586,12
4f797580c6c3d41dfcfa1ab2ce0cffb1f02fee5a,12
dfb0db4be06668550cdf5db4c57aeb12702982d1,12
3c49786776e9c29003ac7c56a237c7930d1fb61c,12
683710d95a6812f1891f6565f34e9cf47b1bbed1,12
149b58be118f54ce825d97b9fa5cdc13da8737b9,12
955d0bb74494ce5ec5d1a3dc13eb5a8f131ddab1,12
7f604b76be87f769f13505758dbef177ac8e4638,12
16f500713cafda824b1ec3c20b42ceec6a0d6545,12
f6a0cf1e5eeacfd677f8a7796d323096a535f476,12
be4ab97be721878b75c95cba291f18be32a7059f,12
cfeef92f7fdc893c52e070e7aa950cd18f3cf63f,12
a52749ae3e08de28982ad03869a601b75491a59c,12
3ca00eff6eec5575cc69109ed5854b3db468205a,12
64b5bd91076e37dc222ed7da7bc942ce9e64b0a8,12
c5a430494b6c97f20aef4350b0942ca60cbbf079,12
be5fd90e9bf90f804a2ec4b4256623e6101795bd,12
fb3ddf3a164414f57884512cf7c07bced5daba46,12
5e89692cc81ca20fb8fded1de6fb525f9126bf4b,12
b93ffad41397e40fc8d98580c7e786c5da01ed07,12
7865860822f88c132be6f23949bf3cb9bc551c72,12
b97245e220541bbfba464ebcbfa0d1bc802b3644,12
8849dd157cee17999a9120747db62a527a5babe0,12
e4dbdaeb6ead9e0291205794f8665343f4be5ead,12
bca4337a31bb2d54d4caf4df46df8688a2f873c7,12
33a2487b760af6f52730789623cdee8bb2b09040,11
7d202642c5118255cac171bc00a4d99496e5a30f,11
885e5ee2ba6352bd705f0756ca48794ae97c5d38,11
0bdfa95efe8d114da84eeb44f1732f4e2890f60b,11
f0b183e22027289c3bcc9b98e7b6bce4fe2717a7,11
0ad8af170dc8d350ffa5ec42629b549ac811ad92,11
ce2b6583a4c3ea78f29d0cdfc4bbe8dd2aa86de9,11
35603e43dd0a715e77e7c9894750b881681a4251,11
67959307955e8299e095cf04fb57a4970e22c417,11
79a1a578203cf20e4bd3a352a18d3b28597bcbcb,11
011071a06e2008748f05afe07c4c5f1b8ee9ac94,11
332a7460b81a1d06d76ec5f3dfd73cfd11cfcd02,11
3acfb2ed53b7d7f5027d03a60f3ea2c2b6f68b00,11
7db0d19bbcc42679b614e1bbac93e922fd02d29c,11
84d9af35662b2476b0b653fb7543c4f6f91dceed,11
3a961f5934058c85953439c50c3cb99344eabbf9,11
fa1961e428dcee5a7d20a30dd12e3e0df18fff71,11
184b4b140b1825f5f17fea7dd86ec6a31b21ca94,11
c07cd29ceac26fea6aa7cac3256c57eb08b76d02,11
9a287a7377918b159e839b1521a5bc4b94a1b323,11
3cd35a8ff6902aeb259348fc38b2cff6364765a8,11
cbaedf149f84ac7ba0de07424ecd4aa47044cd92,11
9bf21909c161579cae825924d7f05311926b7b42,11
e43bfd53880441ede997d3c99eaeb9db17f70ce8,11
41c8c28b7975197d4ac30465428a78de8edd3fbd,11
7f2c6bcde833c01f3af416fca4eddf6f002f76d6,11
4ef9b266424d56f31a8bfbd2fa527f45f636e1c3,11
8b7def42005eb79e9e1173a2254595fd4b12defa,11
c9eb3db35d78331fd834235552df717f438aa29c,11
0523c087620ad7ffa92eaa86431ffec11dfbc43b,11
b28e8d22297945474799113547d026896eb2a902,11
55116078214c001152a0d260d178c66a6a4311a7,11
e5c45ab74e4deca464d931a216d026ff63c2d9f9,11
9c685229987813b11d303dece139530542ca6fef,11
b9f391114e32e049e43aa483b762b55f23288713,11
60707a2432817b98b46df3fa55fab71c9bab79e2,11
c14aafa730828708cedbd959d610345c815d9a86,11
d7a96397c872ed2b78c589df62e530dacf4a303e,11
9360f3eb0454834c346c658929a7f8cd805268a7,11
6266c9e4334fcb742e398855f53e84e6d7c64151,11
374c7712aa53d5553cad8811980378ead9b31ab1,11
b2b48da35cb6699e436e75a828ad356681bcbe74,11
3d7eaf00551fea30e1660dee3a0a4911bbfad118,11
d92a24aefdbf56bc2e694ecda5fc352e3f1c6d1c,11
ca6ab889ed4c10878d4a527d23fb842d1085e005,11
a04a9f5c54706315ed923823cde08dc2666e4cc2,11
b8474677d9add2c10bfecc741bd6407c6e7589f3,11
fc8ff1783a5e7e3c6fcd6d59a50ce9ef5d993dcb,11
df9c092588f73fb87fc7d888e9884a2f5fa2ce6a,11
56232a72dc998837926b8528fda3a76db575f75f,11
da732098862dc6f6d8de66d6ef7e6667ac38128c,11
ef2fdf40068a8e6abfb53e22795bf7196b4842f9,11
169e850f24f20d2883a01530f0b1b563e0d2f0ff,11
8e3dbd42b14d20b425ba33ce72972c3e7e9bbda0,11
7b8f9760a0fb023cf61b81a9c7410e0b127fab06,11
235c178e504749e83b13d2387f3eab6771edf55d,11
47340cd385cf438d95da68e306c016521908f924,11
46ff0946aebea6d1910862b7f3dd98fb549d6da8,11
a93704f6705d96457852f150d61c6f66036f5954,11
5991363a6b820f48153f5591fa1cac71b5e73f82,11
8b6b94842b22cc8222a74e16a904d49b491a11d0,11
5adba3d6970c47e77141cd383333a5faaac5b2c8,11
761e132947c78241cea2d708f01e0318ff9339d2,11
0e370a852cf70b82db5282ba9424a17181498005,11
3d4176a9a4d4517148cbb2571be4039f12b71e5a,11
b317ef4ac14a04a74c560c5d4ceaad12abd24bbd,11
647f5c23884d96786afab3d2b02a173caee62788,11
5ef96472cb67d83cba5187a068585e935098232c,11
e2b149455c734634d2507fb78dc85c734f856965,11
6f1fbe12f5bcdeaa7cffb6786ff88a884e456922,11
4509712c3efb5f79d2572948c055ec6bf8af4e32,11
a3653b4fad7142b8e576f91d3e18bcd7b0be5a28,11
03022f8824592a908e81ae5a3e6515461c147956,11
6aa39fe01ceda0f2b3e35db8cf5b33314178eebc,11
09f73482cf957fdf64c142c9062c3e53633672e9,11
cdc0095235ac5fbbe5709ef5798776d24dec1225,11
ec6c16176df571ccda08311cc2cfe8fde481291b,11
258abd3a8ce19109f7ba0b49a13277b4887d07d6,11
d51d39dc2e6fcf242190959d626c4c1e23339e32,11
e922b4ae20a250ccec23f93ebafb8b3f733b0b94,11
90682a91b2572cd97f4974795765ef33fca379a3,11
39843616342d5f4d61aa934ad3901da920d5e15c,11
a02f429e35a99fce3fe37cf5e10a4e2f9ccff4bb,11
c469a8f497431afb73de8c6b7b68cb1cc37e3905,11
b3d87f2eda7eee7764e566118efe48b56ff80b14,11
e1cd4dd2612e9f98bc1482014e72dcb3e5ea7b22,11
dc8c69b12dd1718bc56071f4e4a8ee3d2b506917,11
69dc95c6b4db3a69afd8fd845b63a622feda4188,11
150870c1809ed9b22c83a50c4f5769e7f167ffbd,11
0ef720b950bd1fc1bfc1780fae8790fce3457fcd,11
f66510fa3078b1ff72bd344fd76284dc83c162b2,11
52b61856abbb775296bf57459b64be30f253277d,11
3a4377123e2b36e0fc40d8137cf20fad61a2e73b,11
76120f9cec5f1765599861612e7bf733a120bf18,11
4112a9238808c59cf1e76b55fc58115d4aa8567a,11
0c0e059a49148d33a27baed1fab0a89258efdee3,11
a7e3876d2033b8d6bcd55f23e66b715cf282b5e8,11
7d1de3a10f9399eaef2d96ee941416bfb76088d1,11
35ebc494f29f740859fda463380dc47b1ed247a7,11
c384faf31d6e2be3cddb49bff63e924d9492e204,11
65afe944074342ce93d52021eb6f810bc74450f8,11
657f3b2c5ed8b74ad94baeaad55445ead8c88d55,11
b4058e34b3b3e78909d5b72d5582e332d91911f9,11
b6ce43e7a7b5c517dcbc673c897a74128b9ddedf,11
86d269a8f3206feb6aa5bb0ab6647d1c6eb6cce7,11
bfd69ca12e8a21afb9389f234350b4137dc8f8a5,11
59228d72635b236c85300c621281f4322e7d3614,11
aad425779273ce83a12f9b9cd87b1f15d5059b88,11
bb4ff27f5191956aa3ec2c3fc82d4741f4a3e515,11
0345c57bac9f65c4853b392a0888fa96f1daeebc,11
409ca9fe0f2e45fd4f6f6c4c22a6cf4a68b85eb7,11
70f5c158715cfe3a1a5396242f43d695579b5ab8,11
129c5a79f86dd1831007992b946d6233b27a7759,11
8f810cfdb976e715a5570079f374b8de6083cea1,11
d39b3cd857d358d4a2cba65f53670ceff39cb66c,11
6e74a16453084074293e85ad4f61a78cbbf2f88a,11
68a9d893bb64908fccbf1f5ae3805033a19368c9,11
07134d59e417ca47eede1301f40e30f173cafa4a,11
32f5ff782103e1727ed84fcc4c7b86b60574a55f,11
707141cf2167a5624bc46a1c09e0a8ab4bcc3f6a,11
05f2dbc4d263fc6ddaa3c5cacbdcf9304190a877,11
168d73fbe3b5744fcadafe949b80d8e8f554840d,11
c3178fb50525da1420c1e6e7ef243442df1d7bea,11
fa5ef32363187f5f184f0335ba4d7e920fdfab7c,11
4e775571c917df1aa332e597abb03811ab20b860,11
e79cb084921ca9e0105f1758adba12edfedd0e45,11
409c08fa51dd4151294a10e29f8bc5b2aed19c0f,11
54e5a12f358a4c473c85d516e8fc9779749ff75c,11
0e3da14aff2ba330357d9be7d7bf1071a9a20e48,11
8fa57709d69c7399086bd645e15ff644e9073946,11
807541a8adb8ca9c171a5a11029bea98a7705fcc,11
93e4e73da55caf56735f299077a0179d4095e41e,11
4369c839d64a66e6f57abef94337b9726434f330,11
ba9204942ff3981f2d8318fc4ef251029152d861,11
b918999a7ef7b602a532f02ebd858a2dcaaceb71,11
d143e26d200893d3c6a204ffbc79a4292f449b6f,11
910725a3763f956c9f31a0650c74f0e35eb8fc01,11
4e29af3176ca455bdc8d16178cac23dd9f28261e,11
48104f3ffead8abc16452179975d5f1ccbc5982d,11
6658530964a70c51ce455b22f1b1602b8ea63c51,11
7b005b897ef999d4d6d88b71886845f1a9d303a6,11
4e5b61360988de7a0e283c569d4cf5043f438ae6,11
5a2c63be752712ab1b58a030428032d1bf582450,11
fda399e9df730253acb51bd9e7359ab0b2c6fb3c,11
1ebae2edeef20681ab6dd4bd92cc3e440a7316cc,11
35b4121f6af7c2a91a3a32b6f96f7fd900cce4d5,11
66493f3c3eaa2626130606eb7448b52d4ff49cda,11
401e21e626c4829207acae57b3e723aa70dd3bb5,11
d1ebe07f3b28cb5a5baa7db565aedb47c8b6c6fe,11
56aaf3bb27d7cbc5e8a0a1ecd017c9861f6ce99a,11
449601c298e375bdde5811e2cec5c3559ba69d18,11
c2bbedf6714eac8ce53edf7acee63dde56dc9ae3,11
c563073cc46cc4cff8870627f5b95e3c0a071225,11
8658c5965b8f777af03dff60fdebb384f00dd1f1,11
cb83813af31c7de65a499b524e8c9ce021e7bd8c,11
f78315dffeb04dd2710e5520e583565a6106c96e,11
af4bb24f5095bd1db847ce880c28dd2ad11ed782,11
1774ebdfec1ac0cce919b9220e35d1a88caf02a6,11
584b431392785fcd41e671257c44812380fa21ca,11
ff4a7111becbee04097c3f3f8ce37cb50dc857fe,11
c3009e01af9248eee5abf567516ff2f3324998ce,10
413e702627dfc3820fe341b87155de27e05dae77,10
7f621cf23cc247799a431d3b49221ed133b0ddd7,10
4c003d13534e2909c9ac767d38484c87fe41afcd,10
f14e56b7a8c3a8b25d6dfa2814c03b4e822e9c4d,10
743ab344ed0e888b4690db41c4d6216d3a50377c,10
924d42b988fb84411b3b01d83e8c50d69ae45226,10
dc64b57be828f255085102443b3971015af8d911,10
db069a6426dd91294f18a8390f007251cdc5e7ed,10
7602e7c69815fe949289cd2f2fac5665dc95137a,10
1d42e90c11c5bb8c42039b6edf3355dbe69e2aa0,10
3b5479eaf5f5c8771e3fb802ab6b87843837b0a4,10
a68cce9016283455fe65e71327b42d55c98396fc,10
0c7e48e4d8e24dca9da3dff5e5e0562227786c3e,10
a8cb9070bdb7dabe523047945699d1e35e7994d0,10
5182b0d281c85b5436fcb083678d45d73905bab3,10
e97d95f52f131f46e65698c5f3dc2160a7043455,10
83c9eba4658b9f0228c91ff51f7f9d6571ba52f2,10
2c9abb8a1a60781f6216ec50a92ac42085ada127,10
a9df96c0318f794dfd7508873c2200832b10938e,10
a5a3d05dcdec04a945af1efdf750be90b4d57ff0,10
c48314e1ffcd28c37f1a78d1a0f7af01899bf4bf,10
d6dea2d8d20a848299e3f5e08fa1ed834cb97736,10
8885c0d37dd8a8f5446eeea7ddf73598581d0707,10
36440aec4e2940a96989bc394b571cf264e7451d,10
deedcb8ae95354fbc2edcc54b71e11deae3ccdcb,10
0b76563ee1f3661cf45c74ed734d2cb65bdbc19e,10
571f9c6e80933185180a69352e552854f459f2a9,10
dda02a57a244f0793bcb32867812e7e957360969,10
4e4795a86ebdf56459584b9727dc0dedbe4641d4,10
40360148779d449940415dcdc2ff968b77130b79,10
ae1ee9d4f9dbe244427724773e6720fa4319908d,10
08cf8662a9b5e3aef1a1a093dea6d68536987f22,10
4d3f909dead75620f6bd88a3ad48c559243eaeeb,10
78b4dadcdf879e7ddef470ae79535f41459ef85f,10
ecf777d84db575113817979a00793813c8aa0852,10
0e4466704517c1c0fbbf4ba182e68ea3c5d3a24c,10
7f41c102a27e2d34849aec4997480819575aa7b6,10
0cedb0c45c4a9b069014bec19c7fa41b8a256fc6,10
b3e1837c0b41467aaaaa051bdb880d1eaedcbbc2,10
611e982620afbdc72533fcb1d01afc2ff3132826,10
5307736356954efa9dba3cb537e08cca6a71a923,10
377c1a57b360ef248434d8663471386ff44c25f2,10
00d95d370bdab3853c8b241ebaf3eb46aeadb7e2,10
7e2a27e77bdb03f485d0ea83be7c66b5d4714cdb,10
aa43701d6d45ed7348824865bdc9c6d6838bb051,10
a5db21bf28e542f92dd41625e651e7f0ee8706d4,10
d037bf2c0c37bea27d6187c911bc4b0144587e1a,10
130c4f6f6bc892a02f9dd74ca37b66b61bb53c0d,10
f8ad2d97fc6a2282e5bfc3575ed5cccb711a8af2,10
578907ffa3476f463ae089214e542a437823df34,10
cf032bf18453b905d8b9be9f3f9a5a1e5658c0d3,10
d7284194a81b81dd7268c2b1e5b0328f9ca0e224,10
accaa0592d4c803c15bbb26d4850c4ad8c30c47a,10
15df6c5e2b051ff7261f3f1697c4e0df91deb5b5,10
79e3523c5f90872ef051be5a703a126351e2ad92,10
5a39fa701095d3300048c13b455341f4e8e5c603,10
155c08ef06bde17a166e2510dc359d0b660e63ae,10
b55046fc2875949a535cef1a12986ab81ae1fab7,10
de8c190354f557d3b4bdc2fa16bee508df8552a7,10
8b619697550a764895a4087133ac377066d7dd9d,10
3a397d9e36fd723c208452dfa7e44dae62fbf7d8,10
da3121b40ee2d780dd5aec158c97b4a9b18693cb,10
5f2d2c1fa9ee6bd61bae2047183e1f3892c2e91f,10
f077a19d434fdbebf93bbee558a9e0d8cd460539,10
3453a2c85cfa7c6389d13e9fff534c9d71a509bc,10
430425d1ed4e81c847c1baef07d362c1daa6630f,10
b3caac34ea04ad0ecabb2b4e36994ca0e1d95195,10
26a953e529c01da205666667083336892d74ae98,10
0f1e6d4fb7fc07032250d2df7325a4cd827f36b0,10
b973f36052edd027bb0d5d85a7f24eb0013973b5,10
46672cab1c6e7b79323c7136b8865cc8a4cb64a1,10
231767cb96f18410665826c9d8758671b58522e6,10
4bc1d2cc942e4e1ea770dd58ff9eea394cc286da,10
15d8629ecc555e756f0c23d7a6d5d06c7c497440,10
61a8386da621b15b7601e287d50e8087ecef164c,10
837a70d1fe3e17f7325a08500dc417911338e3bb,10
26494d58f76e9a21b93f552f113a9883750b105a,10
c0b567634bc6e4bb11a7d208ee5627bdc9b735b6,10
ca280a6343125427a7b68614bdfab78e897eccb3,10
ac8de860b57ae084c55a07b6a243dfb148237edc,10
fc2383f2e17dd8e90ab2b3b332ed3665f0077493,10
66a0fdc1e6cc4989724beec70f9418e6b9a590ec,10
7802907c07202059a0b2eae3eac341b4bf72ba7c,10
47bed42f454cf1e4b501327f1e9a6dfe540e79cc,10
43b4a9e5f3c0e35181c83b2f8785777059c16544,10
f594e536676de4b7dfcc7782c1e3f534450e0d9f,10
b31a0c5e12a864ea47095efc290c087ec171403b,10
cc92263d0b4583a32ddf07fb60a8cf274d79ae71,10
818c49d88a0137877f660a67ee1812c34aa8fe42,10
5b70dfe1608a7ff97b15dab19606ea157c731650,10
f6688a06d537fc9e6921917f12628d63d9865689,10
52d3a3b1c38f900153d07465d6cebdff992c3aca,10
d5ee7edae61f6be9c9faea6207010b9621e277f7,10
a8c2990f7d467b446694e05b8011b47e2b36cb66,10
f7865c4e337cb70910d9bc04b2b2a53dfe9e1b86,10
95287dfefcaa1bda2d7e54458fa42eb53f8388c0,10
760fc7f1a645e92d25a1157de2fec10959e358cd,10
4772f42dbab6f56f40d33240ca97f68b35783df3,10
df037f097f755d8a5d47edd56c6c9d1549419aff,10
9337c7360fb0cfba8c4cd1f8d75eb3d5811621bc,10
8ef473284c211b0bf8ab54e1229d2d9aba65ac6c,10
fa8017b8f913d305ab04b26a10d888b98f8519f1,10
280492f348a1eafb3573ea70150bdb9ec0d5838e,10
df25d2e1d7610e948218e24ccbf51ccbc94e5d55,10
faadaed481bddd3b7b62a22640dcb98c9bfddd51,10
33f7844b46c5adb78a5b9e8cf33d1534bc8ca511,10
5debddc155bbcbf55037910ca89eeeca449f2c4f,10
63e3e97b94664c241834ecced825d95fed029f0a,10
fa845e09c39171ef777144b9a493321b50fa805d,10
34efb7078084859d2ebbd73e31bfe451f1710f00,10
22c5bd97ac33e2c6275b7b04927f7cd1d949be1b,10
e25cea14005a85fc8120125a27debb2abf4bdaac,10
7f3ecf98f4294af4615b5af903df230a1fec830e,10
c2d35d0af7b026c57bd1ba702593821742b71ac5,10
6c444809e31928c41258eb7176afa9368dde76fb,10
b5a83500ba3553ed609fe3f563c8241497b3d6a3,10
84362fb7a7f8d919730bbe55b9cc2c680ba2c66b,10
243bd6c4a62e3cfdad3efe818d518dada14a4e06,10
ff879407dfadc90ee04a7e67bc61a8f80748d261,10
4ad1b26d52bdbb57c5d61c986ff6b6dd10a12eb8,10
e350a7a8196db87c9a64ba95eee9a4ec5aff53aa,10
c794e1d9adaa76493dfb42ab575de747892283f4,10
