2007-05-23,3,1
2007-05-24,6,1
2007-05-25,1,1
2007-05-26,6,1
2007-05-27,2,1
2007-05-29,1,1
2007-05-30,1,1
2007-06-04,1,1
2007-06-23,2,1
2007-06-24,2,1
2007-07-15,1,1
2007-07-18,2,1
2007-07-23,1,1
2007-07-24,9,1
2007-07-25,14,1
2007-07-26,19,1
2007-07-27,17,1
2007-07-28,22,1
2007-07-29,21,1
2007-07-30,21,1
2007-07-31,20,1
2007-08-01,19,1
2007-08-02,18,1
2007-08-03,19,1
2007-08-04,19,1
2007-08-05,21,1
2007-08-06,17,2
2007-08-07,19,2
2007-08-08,23,2
2007-08-09,24,2
2007-08-10,27,2
2007-08-11,20,2
2007-08-12,21,1
2007-08-13,21,1
2007-08-14,19,1
2007-08-15,23,2
2007-08-16,25,2
2007-08-17,23,2
2007-08-18,23,2
2007-08-19,23,2
2007-08-20,21,2
2007-08-21,18,3
2007-08-22,20,1
2007-08-23,26,2
2007-08-24,20,1
2007-08-25,27,1
2007-08-26,19,1
2007-08-27,21,2
2007-08-28,21,2
2007-08-29,20,2
2007-08-30,20,1
2007-08-31,20,1
2007-09-01,30,2
2007-09-02,20,2
2007-09-03,21,2
2007-09-04,20,1
2007-09-05,19,2
2007-09-06,17,2
2007-09-07,19,2
2007-09-08,20,2
2007-09-09,17,1
2007-09-10,21,1
2007-09-11,23,1
2007-09-12,19,1
2007-09-13,21,1
2007-09-14,21,2
2007-09-15,17,1
2007-09-16,20,1
2007-09-17,19,1
2007-09-18,19,1
2007-09-19,21,1
2007-09-20,22,1
2007-09-21,21,1
2007-09-22,21,1
2007-09-23,20,1
2007-09-24,18,1
2007-09-25,14,1
2007-09-26,15,1
2007-09-27,21,2
2007-09-28,15,1
2007-09-29,22,1
2007-09-30,19,1
2007-10-01,22,1
2007-10-02,20,1
2007-10-03,21,1
2007-10-04,18,3
2007-10-05,23,2
2007-10-06,21,4
2007-10-07,22,3
2007-10-08,20,3
2007-10-09,26,3
2007-10-10,18,2
2007-10-11,20,3
2007-10-12,33,2
2007-10-13,24,1
2007-10-14,25,2
2007-10-15,28,2
2007-10-16,37,8
2007-10-17,30,5
2007-10-18,23,5
2007-10-19,25,3
2007-10-20,22,4
2007-10-21,13,1
2007-10-22,25,3
2007-10-23,28,6
2007-10-24,21,4
2007-10-25,22,2
2007-10-26,38,5
2007-10-27,28,6
2007-10-28,29,7
2007-10-29,30,7
2007-10-30,23,6
2007-10-31,42,7
2007-11-01,44,6
2007-11-02,30,8
2007-11-03,19,7
2007-11-04,20,4
2007-11-05,32,9
2007-11-06,22,6
2007-11-07,40,4
2007-11-08,21,4
2007-11-09,21,5
2007-11-10,22,4
2007-11-11,32,5
2007-11-12,32,6
2007-11-13,32,7
2007-11-14,28,4
2007-11-15,21,6
2007-11-16,17,4
2007-11-17,39,7
2007-11-18,49,11
2007-11-19,45,7
2007-11-20,24,6
2007-11-21,29,11
2007-11-22,38,8
2007-11-23,28,8
2007-11-24,59,13
2007-11-25,65,9
2007-11-26,59,8
2007-11-27,80,14
2007-11-28,72,11
2007-11-29,38,10
2007-11-30,44,9
2007-12-01,30,7
2007-12-02,17,4
2007-12-03,26,11
2007-12-04,21,6
2007-12-05,28,11
2007-12-06,28,6
2007-12-07,34,7
2007-12-08,39,10
2007-12-09,33,8
2007-12-10,38,8
2007-12-11,42,10
2007-12-12,38,9
2007-12-13,60,14
2007-12-14,30,5
2007-12-15,22,7
2007-12-16,26,5
2007-12-17,33,5
2007-12-18,28,9
2007-12-19,29,5
2007-12-20,24,8
2007-12-21,33,6
2007-12-22,39,11
2007-12-23,30,9
2007-12-24,25,8
2007-12-25,34,9
2007-12-26,22,6
2007-12-27,21,6
2007-12-28,36,12
2007-12-29,36,9
2007-12-30,20,8
2007-12-31,41,12
2008-01-01,54,12
2008-01-02,52,13
2008-01-03,73,7
2008-01-04,152,8
2008-01-05,102,12
2008-01-06,58,8
2008-01-07,57,15
2008-01-08,54,7
2008-01-09,37,13
2008-01-10,29,11
2008-01-11,20,11
2008-01-12,51,12
2008-01-13,81,14
2008-01-14,56,16
2008-01-15,33,9
2008-01-16,37,8
2008-01-17,58,17
2008-01-18,41,14
2008-01-19,35,16
2008-01-20,53,12
2008-01-21,57,13
2008-01-22,36,9
2008-01-23,37,7
2008-01-24,55,13
2008-01-25,70,15
2008-01-26,58,13
2008-01-27,33,9
2008-01-28,94,18
2008-01-29,44,17
2008-01-30,77,12
2008-01-31,43,16
2008-02-01,49,17
2008-02-02,46,12
2008-02-03,38,11
2008-02-04,60,21
2008-02-05,70,17
2008-02-06,68,22
2008-02-07,37,12
2008-02-08,71,23
2008-02-09,39,11
2008-02-10,28,9
2008-02-11,50,20
2008-02-12,45,19
2008-02-13,55,13
2008-02-14,53,17
2008-02-15,62,22
2008-02-16,26,16
2008-02-17,36,13
2008-02-18,68,25
2008-02-19,50,17
2008-02-20,65,21
2008-02-21,47,15
2008-02-22,80,19
2008-02-23,56,16
2008-02-24,28,13
2008-02-25,35,16
2008-02-26,64,20
2008-02-27,58,18
2008-02-28,61,22
2008-02-29,56,19
2008-03-01,57,16
2008-03-02,63,13
2008-03-03,60,19
2008-03-04,66,20
2008-03-05,42,17
2008-03-06,62,13
2008-03-07,74,15
2008-03-08,48,12
2008-03-09,51,22
2008-03-10,50,15
2008-03-11,43,11
2008-03-12,35,18
2008-03-13,74,20
2008-03-14,74,21
2008-03-15,80,21
2008-03-16,100,17
2008-03-17,62,20
2008-03-18,65,14
2008-03-19,45,21
2008-03-20,69,23
2008-03-21,73,20
2008-03-22,77,22
2008-03-23,85,17
2008-03-24,60,18
2008-03-25,38,23
2008-03-26,67,21
2008-03-27,62,17
2008-03-28,36,11
2008-03-29,52,17
2008-03-30,44,13
2008-03-31,54,21
2008-04-01,69,21
2008-04-02,42,13
2008-04-03,55,18
2008-04-04,73,22
2008-04-05,39,16
2008-04-06,39,14
2008-04-07,78,20
2008-04-08,115,20
2008-04-09,47,15
2008-04-10,72,24
2008-04-11,89,26
2008-04-12,85,27
2008-04-13,75,21
2008-04-14,64,19
2008-04-15,60,19
2008-04-16,50,21
2008-04-17,39,18
2008-04-18,48,18
2008-04-19,38,20
2008-04-20,85,27
2008-04-21,62,22
2008-04-22,45,19
2008-04-23,57,27
2008-04-24,88,33
2008-04-25,46,20
2008-04-26,53,21
2008-04-27,70,22
2008-04-28,34,21
2008-04-29,37,15
2008-04-30,45,17
2008-05-01,53,20
2008-05-02,53,23
2008-05-03,45,19
2008-05-04,72,17
2008-05-05,56,15
2008-05-06,34,13
2008-05-07,68,28
2008-05-08,75,21
2008-05-09,54,16
2008-05-10,16,5
2008-05-11,52,16
2008-05-12,52,23
2008-05-13,52,17
2008-05-14,91,23
2008-05-15,48,20
2008-05-16,90,23
2008-05-17,41,17
2008-05-18,61,22
2008-05-19,75,25
2008-05-20,43,24
2008-05-21,47,20
2008-05-22,56,25
2008-05-23,68,20
2008-05-24,59,18
2008-05-25,71,25
2008-05-26,79,27
2008-05-27,64,28
2008-05-28,90,29
2008-05-29,117,28
2008-05-30,47,16
2008-05-31,89,26
2008-06-01,96,23
2008-06-02,70,23
2008-06-03,93,20
2008-06-04,109,36
2008-06-05,86,24
2008-06-06,72,24
2008-06-07,81,29
2008-06-08,87,32
2008-06-09,47,22
2008-06-10,57,20
2008-06-11,85,32
2008-06-12,70,26
2008-06-13,78,26
2008-06-14,116,23
2008-06-15,117,24
2008-06-16,82,29
2008-06-17,126,27
2008-06-18,131,23
2008-06-19,70,25
2008-06-20,54,18
2008-06-21,127,23
2008-06-22,104,28
2008-06-23,91,33
2008-06-24,63,26
2008-06-25,63,24
2008-06-26,89,27
2008-06-27,60,30
2008-06-28,111,21
2008-06-29,76,27
2008-06-30,117,38
2008-07-01,75,22
2008-07-02,93,28
2008-07-03,89,33
2008-07-04,58,25
2008-07-05,94,31
2008-07-06,79,28
2008-07-07,73,30
2008-07-08,106,28
2008-07-09,136,33
2008-07-10,108,27
2008-07-11,88,28
2008-07-12,83,28
2008-07-13,81,28
2008-07-14,82,38
2008-07-15,73,25
2008-07-16,117,32
2008-07-17,78,28
2008-07-18,113,25
2008-07-19,89,24
2008-07-20,110,36
2008-07-21,112,37
2008-07-22,131,37
2008-07-23,110,42
2008-07-24,87,34
2008-07-25,70,27
2008-07-26,84,22
2008-07-27,98,25
2008-07-28,87,28
2008-07-29,82,33
2008-07-30,49,23
2008-07-31,68,27
2008-08-01,96,33
2008-08-02,101,30
2008-08-03,92,26
2008-08-04,75,26
2008-08-05,68,33
2008-08-06,67,29
2008-08-07,128,43
2008-08-08,82,27
2008-08-09,61,20
2008-08-10,120,35
2008-08-11,89,31
2008-08-12,98,38
2008-08-13,40,19
2008-08-14,4,3
2008-08-15,26,11
2008-08-16,22,9
2008-08-17,121,24
2008-08-18,102,36
2008-08-19,101,24
2008-08-20,106,38
2008-08-21,149,41
2008-08-22,104,37
2008-08-23,112,37
2008-08-24,168,37
2008-08-25,148,38
2008-08-26,108,29
2008-08-27,143,30
2008-08-28,142,37
2008-08-29,111,37
2008-08-30,144,35
2008-08-31,152,37
2008-09-01,115,36
2008-09-02,113,35
2008-09-03,141,46
2008-09-04,112,41
2008-09-05,128,43
2008-09-06,40,19
2008-09-07,129,38
2008-09-08,115,47
2008-09-09,112,36
2008-09-10,102,35
2008-09-11,98,33
2008-09-12,130,44
2008-09-13,106,37
2008-09-14,99,29
2008-09-15,115,26
2008-09-16,90,27
2008-09-17,132,37
2008-09-18,122,35
2008-09-19,120,38
2008-09-20,120,43
2008-09-21,130,28
2008-09-22,113,36
2008-09-23,100,27
2008-09-24,127,45
2008-09-25,77,28
2008-09-26,92,40
2008-09-27,112,30
2008-09-28,108,40
2008-09-29,136,36
2008-09-30,109,37
2008-10-01,124,38
2008-10-02,98,33
2008-10-03,136,51
2008-10-04,87,32
2008-10-05,103,39
2008-10-06,111,34
2008-10-07,135,44
2008-10-08,117,36
2008-10-09,136,53
2008-10-10,145,44
2008-10-11,91,39
2008-10-12,81,21
2008-10-13,137,44
2008-10-14,110,41
2008-10-15,95,40
2008-10-16,146,43
2008-10-17,146,51
2008-10-18,89,37
2008-10-19,115,46
2008-10-20,134,51
2008-10-21,99,41
2008-10-22,107,42
2008-10-23,109,40
2008-10-24,132,48
2008-10-25,129,48
2008-10-26,91,30
2008-10-27,146,44
2008-10-28,135,52
2008-10-29,113,40
2008-10-30,151,39
2008-10-31,148,39
2008-11-01,123,48
2008-11-02,128,46
2008-11-03,140,45
2008-11-04,131,51
2008-11-05,92,33
2008-11-06,119,48
2008-11-07,92,32
2008-11-08,143,54
2008-11-09,94,32
2008-11-10,126,39
2008-11-11,152,58
2008-11-12,109,42
2008-11-13,114,39
2008-11-14,139,38
2008-11-15,78,36
2008-11-16,98,43
2008-11-17,147,43
2008-11-18,92,40
2008-11-19,112,45
2008-11-20,97,37
2008-11-21,115,51
2008-11-22,102,41
2008-11-23,100,41
2008-11-24,104,45
2008-11-25,62,22
2008-11-26,136,51
2008-11-27,69,28
2008-11-28,108,43
2008-11-29,77,27
2008-11-30,94,42
2008-12-01,115,41
2008-12-02,101,42
2008-12-03,97,42
2008-12-04,99,39
2008-12-05,109,35
2008-12-06,89,36
2008-12-07,98,40
2008-12-08,113,30
2008-12-09,118,40
2008-12-10,96,36
2008-12-11,121,47
2008-12-12,110,47
2008-12-13,144,66
2008-12-14,97,40
2008-12-15,150,53
2008-12-16,89,41
2008-12-17,116,47
2008-12-18,89,48
2008-12-19,126,47
2008-12-20,95,38
2008-12-21,90,33
2008-12-22,104,36
2008-12-23,106,42
2008-12-24,123,45
2008-12-25,108,40
2008-12-26,56,25
2008-12-27,79,32
2008-12-28,70,21
2008-12-29,109,37
2008-12-30,96,29
2008-12-31,75,26
2009-01-01,112,38
2009-01-02,119,36
2009-01-03,90,36
2009-01-04,116,44
2009-01-05,128,48
2009-01-06,109,44
2009-01-07,133,58
2009-01-08,110,47
2009-01-09,110,45
2009-01-10,114,55
2009-01-11,130,56
2009-01-12,123,47
2009-01-13,62,25
2009-01-14,32,17
2009-01-15,104,53
2009-01-16,107,41
2009-01-17,112,38
2009-01-18,104,56
2009-01-19,101,45
2009-01-20,127,56
2009-01-21,116,40
2009-01-22,105,53
2009-01-23,112,42
2009-01-24,4,4
2009-01-25,88,33
2009-01-26,113,44
2009-01-27,120,42
2009-01-28,124,46
2009-01-29,195,68
2009-01-30,132,43
2009-01-31,171,49
2009-02-01,143,50
2009-02-02,142,43
2009-02-03,134,52
2009-02-04,122,44
2009-02-05,144,50
2009-02-06,172,52
2009-02-07,142,52
2009-02-08,183,57
2009-02-09,110,45
2009-02-10,129,43
2009-02-11,148,46
2009-02-12,120,45
2009-02-13,144,47
2009-02-14,140,39
2009-02-15,133,36
2009-02-16,170,57
2009-02-17,151,51
2009-02-18,158,58
2009-02-19,58,27
2009-02-20,161,60
2009-02-21,74,26
2009-02-22,210,55
2009-02-23,88,34
2009-02-24,101,40
2009-02-25,84,36
2009-02-26,139,38
2009-02-27,134,55
2009-02-28,144,44
2009-03-01,116,47
2009-03-02,193,52
2009-03-03,161,65
2009-03-04,117,42
2009-03-05,142,60
2009-03-06,143,50
2009-03-07,119,53
2009-03-08,110,52
2009-03-09,130,53
2009-03-10,99,41
2009-03-11,112,44
2009-03-12,77,38
2009-03-13,185,72
2009-03-14,169,61
2009-03-15,164,47
2009-03-16,130,37
2009-03-17,156,63
2009-03-18,162,64
2009-03-19,176,64
2009-03-20,166,60
2009-03-21,157,50
2009-03-22,159,57
2009-03-23,210,65
2009-03-24,193,66
2009-03-25,165,46
2009-03-26,85,34
2009-03-27,95,34
2009-03-28,154,62
2009-03-29,147,50
2009-03-30,177,60
2009-03-31,136,42
2009-04-01,168,51
2009-04-02,147,43
2009-04-03,137,48
2009-04-04,134,41
2009-04-05,165,55
2009-04-06,127,47
2009-04-07,149,46
2009-04-08,112,44
2009-04-09,173,57
2009-04-10,172,58
2009-04-11,142,50
2009-04-12,106,43
2009-04-13,104,40
2009-04-14,108,57
2009-04-15,119,50
2009-04-16,99,52
2009-04-17,113,48
2009-04-18,134,53
2009-04-19,139,61
2009-04-20,149,51
2009-04-21,170,76
2009-04-22,181,73
2009-04-23,185,67
2009-04-24,181,66
2009-04-25,134,54
2009-04-26,164,67
2009-04-27,146,54
2009-04-28,150,66
2009-04-29,170,66
2009-04-30,133,61
2009-05-01,132,47
2009-05-02,166,57
2009-05-03,191,65
2009-05-04,154,50
2009-05-05,146,52
2009-05-06,167,66
2009-05-07,157,57
2009-05-08,167,65
2009-05-09,185,65
2009-05-10,187,73
2009-05-11,177,72
2009-05-12,180,57
2009-05-13,160,59
2009-05-14,168,51
2009-05-15,140,56
2009-05-16,156,58
2009-05-17,157,61
2009-05-18,177,63
2009-05-19,137,51
2009-05-20,128,51
2009-05-21,158,72
2009-05-22,168,58
2009-05-23,176,66
2009-05-24,182,86
2009-05-25,143,60
2009-05-26,149,49
2009-05-27,195,71
2009-05-28,162,66
2009-05-29,167,75
2009-05-30,138,71
2009-05-31,176,74
2009-06-01,141,55
2009-06-02,145,67
2009-06-03,116,50
2009-06-04,152,74
2009-06-05,136,59
2009-06-06,122,58
2009-06-07,118,56
2009-06-08,120,54
2009-06-09,129,59
2009-06-10,189,82
2009-06-11,93,44
2009-06-12,18,9
2009-06-13,147,60
2009-06-14,160,55
2009-06-15,40,19
2009-06-16,45,22
2009-06-17,193,83
2009-06-18,177,76
2009-06-19,175,81
2009-06-20,178,78
2009-06-21,184,81
2009-06-22,174,72
2009-06-23,149,70
2009-06-24,245,82
2009-06-25,126,69
2009-06-26,173,80
2009-06-27,222,81
2009-06-28,163,66
2009-06-29,178,60
2009-06-30,178,71
2009-07-01,173,74
2009-07-02,138,57
2009-07-03,188,72
2009-07-04,153,62
2009-07-05,181,84
2009-07-06,155,67
2009-07-07,134,59
2009-07-08,174,69
2009-07-09,170,72
2009-07-10,135,67
2009-07-11,137,57
2009-07-12,181,86
2009-07-13,142,56
2009-07-14,128,68
2009-07-15,185,83
2009-07-16,159,80
2009-07-17,139,73
2009-07-18,182,71
2009-07-19,178,76
2009-07-20,126,63
2009-07-21,158,81
2009-07-22,185,82
2009-07-23,148,73
2009-07-24,201,86
2009-07-25,134,74
2009-07-26,143,56
2009-07-27,175,68
2009-07-28,155,62
2009-07-29,182,85
2009-07-30,162,71
2009-07-31,145,73
2009-08-01,210,87
2009-08-02,164,59
2009-08-03,172,76
2009-08-04,161,63
2009-08-05,162,84
2009-08-06,187,63
2009-08-07,170,75
2009-08-08,128,47
2009-08-09,168,82
2009-08-10,142,57
2009-08-11,140,67
2009-08-12,173,66
2009-08-13,186,79
2009-08-14,135,50
2009-08-15,129,63
2009-08-16,148,79
2009-08-17,172,76
2009-08-18,153,78
2009-08-19,165,67
2009-08-20,126,63
2009-08-21,142,51
2009-08-22,171,79
2009-08-23,214,100
2009-08-24,220,104
2009-08-25,230,95
2009-08-26,211,73
2009-08-27,191,85
2009-08-28,248,110
2009-08-29,215,84
2009-08-30,254,104
2009-08-31,218,86
2009-09-01,229,99
2009-09-02,194,69
2009-09-03,227,83
2009-09-04,193,92
2009-09-05,193,88
2009-09-06,206,98
2009-09-07,155,71
2009-09-08,240,89
2009-09-09,164,64
2009-09-10,157,85
2009-09-11,190,83
2009-09-12,157,81
2009-09-13,189,87
2009-09-14,213,104
2009-09-15,213,90
2009-09-16,213,83
2009-09-17,175,43
2009-09-18,187,74
2009-09-19,186,90
2009-09-20,213,91
2009-09-21,184,86
2009-09-22,214,94
2009-09-23,200,91
2009-09-24,202,89
2009-09-25,188,87
2009-09-26,160,75
2009-09-27,179,84
2009-09-28,237,102
2009-09-29,196,99
2009-09-30,240,107
2009-10-01,240,97
2009-10-02,218,98
2009-10-03,207,96
2009-10-04,199,79
2009-10-05,203,98
2009-10-06,212,89
2009-10-07,242,94
2009-10-08,228,93
2009-10-09,191,94
2009-10-10,182,84
2009-10-11,121,62
2009-10-12,169,74
2009-10-13,195,72
2009-10-14,235,103
2009-10-15,190,66
2009-10-16,196,86
2009-10-17,159,66
2009-10-18,8,6
2009-10-19,32,17
2009-10-20,181,85
2009-10-21,281,125
2009-10-22,323,138
2009-10-23,235,99
2009-10-24,263,113
2009-10-25,265,123
2009-10-26,280,122
2009-10-27,237,104
2009-10-28,194,95
2009-10-29,242,104
2009-10-30,287,145
2009-10-31,304,149
2009-11-01,284,121
2009-11-02,253,100
2009-11-03,288,112
2009-11-04,281,97
2009-11-05,228,102
2009-11-06,364,135
2009-11-07,311,122
2009-11-08,246,104
2009-11-09,261,108
2009-11-10,308,128
2009-11-11,234,109
2009-11-12,224,112
2009-11-13,238,117
2009-11-14,213,112
2009-11-15,296,138
2009-11-16,198,100
2009-11-17,255,101
2009-11-18,255,95
2009-11-19,198,87
2009-11-20,272,119
2009-11-21,211,89
2009-11-22,265,101
2009-11-23,210,84
2009-11-24,230,104
2009-11-25,230,123
2009-11-26,197,102
2009-11-27,190,104
2009-11-28,183,86
2009-11-29,206,110
2009-11-30,230,103
2009-12-01,226,90
2009-12-02,156,79
2009-12-03,219,103
2009-12-04,260,145
2009-12-05,122,72
2009-12-06,7,2
2009-12-07,372,174
2009-12-08,318,142
2009-12-09,51,30
2009-12-10,184,91
2009-12-11,169,76
2009-12-12,150,84
2009-12-13,205,93
2009-12-14,103,44
2009-12-15,152,72
2009-12-16,166,78
2009-12-17,137,69
2009-12-18,91,54
2009-12-19,251,117
2009-12-20,183,93
2009-12-21,165,82
2009-12-22,147,82
2009-12-23,169,92
2009-12-24,154,78
2009-12-25,144,76
2009-12-26,192,95
2009-12-27,139,76
2009-12-28,117,74
2009-12-29,113,66
2009-12-30,152,88
2009-12-31,124,65
2010-01-01,129,76
2010-01-02,136,81
2010-01-03,142,75
2010-01-04,111,46
2010-01-05,100,56
2010-01-06,122,65
2010-01-07,70,42
2010-01-08,120,69
2010-01-09,188,98
2010-01-10,44,23
2010-01-11,17,14
2010-01-12,118,66
2010-01-13,370,174
2010-01-14,91,54
2010-01-15,165,95
2010-01-16,369,177
2010-01-17,302,142
2010-01-18,289,141
2010-01-19,327,164
2010-01-20,297,149
2010-01-21,313,172
2010-01-22,217,121
2010-01-23,294,150
2010-01-24,255,147
2010-01-25,281,153
2010-01-26,320,141
2010-01-27,342,159
2010-01-28,306,145
2010-01-29,327,168
2010-01-30,303,153
2010-01-31,274,151
2010-02-01,286,134
2010-02-02,284,146
2010-02-03,231,119
2010-02-04,286,148
2010-02-05,266,129
2010-02-06,340,177
2010-02-07,301,160
2010-02-08,296,159
2010-02-09,221,136
2010-02-10,286,159
2010-02-11,266,131
2010-02-12,296,156
2010-02-13,193,122
2010-02-14,275,137
2010-02-15,282,155
2010-02-16,153,78
2010-02-17,351,155
2010-02-18,352,158
2010-02-19,322,148
2010-02-20,282,150
2010-02-21,335,161
2010-02-22,256,118
2010-02-23,265,130
2010-02-24,309,160
2010-02-25,282,123
2010-02-26,219,118
2010-02-27,142,94
2010-02-28,49,29
2010-03-01,623,297
2010-03-02,367,173
2010-03-03,275,142
2010-03-04,291,155
2010-03-05,118,66
2010-03-06,304,166
2010-03-07,52,38
2010-03-08,1,1
2010-03-09,9,8
2010-03-10,22,13
2010-03-11,27,15
2010-03-12,286,153
2010-03-13,294,153
2010-03-14,310,169
2010-03-15,304,153
2010-03-16,357,184
2010-03-17,302,183
2010-03-18,303,168
2010-03-19,380,190
2010-03-20,248,138
2010-03-21,253,163
2010-03-22,199,126
2010-03-23,272,158
2010-03-24,320,191
2010-03-25,227,133
2010-03-26,230,137
2010-03-27,302,163
2010-03-28,295,162
2010-03-29,313,175
2010-03-30,249,149
2010-03-31,358,170
2010-04-01,331,172
2010-04-02,234,146
2010-04-03,113,78
2010-04-04,148,86
2010-04-05,295,154
2010-04-06,304,181
2010-04-07,262,157
2010-04-08,300,162
2010-04-09,267,145
2010-04-10,227,132
2010-04-11,57,36
2010-04-12,255,140
2010-04-13,221,130
2010-04-14,425,213
2010-04-15,301,195
2010-04-16,244,159
2010-04-17,262,153
2010-04-18,248,157
2010-04-19,314,184
2010-04-20,262,163
2010-04-21,249,144
2010-04-22,253,129
2010-04-23,263,144
2010-04-24,140,79
2010-04-25,136,87
2010-04-26,168,107
2010-04-27,159,111
2010-04-28,156,88
2010-04-29,216,131
2010-04-30,201,126
2010-05-01,131,74
2010-05-02,168,108
2010-05-03,256,153
2010-05-04,226,140
2010-05-05,292,172
2010-05-06,491,248
2010-05-07,106,68
2010-05-08,246,146
2010-05-09,313,173
2010-05-10,260,157
2010-05-11,283,161
2010-05-12,329,171
2010-05-13,281,137
2010-05-14,295,184
2010-05-15,310,185
2010-05-16,222,143
2010-05-17,251,162
2010-05-18,222,138
2010-05-19,214,123
2010-05-20,192,115
2010-05-21,129,79
2010-05-22,179,101
2010-05-23,154,86
2010-05-24,135,77
2010-05-25,147,95
2010-05-26,185,80
2010-05-27,205,107
2010-05-28,153,111
2010-05-29,171,107
2010-05-30,153,90
2010-05-31,139,93
2010-06-01,165,95
2010-06-02,323,184
2010-06-03,389,175
2010-06-04,326,175
2010-06-05,378,175
2010-06-06,303,200
2010-06-07,349,236
2010-06-08,345,223
2010-06-09,324,205
2010-06-10,332,223
2010-06-11,322,206
2010-06-12,304,190
2010-06-13,250,173
2010-06-14,305,183
2010-06-15,163,116
2010-06-16,108,71
2010-06-17,195,121
2010-06-18,227,151
2010-06-19,329,203
2010-06-20,296,205
2010-06-21,300,208
2010-06-22,361,233
2010-06-23,323,200
2010-06-24,327,220
2010-06-25,351,228
2010-06-26,386,245
2010-06-27,269,174
2010-06-28,329,226
2010-06-29,380,245
2010-06-30,350,227
2010-07-01,291,200
2010-07-02,325,217
2010-07-03,338,233
2010-07-04,305,214
2010-07-05,292,193
2010-07-06,269,183
2010-07-07,363,244
2010-07-08,309,211
2010-07-09,334,237
2010-07-10,325,230
2010-07-11,321,220
2010-07-12,365,238
2010-07-13,366,236
2010-07-14,346,231
2010-07-15,382,237
2010-07-16,366,248
2010-07-17,308,200
2010-07-18,315,214
2010-07-19,313,213
2010-07-20,330,225
2010-07-21,334,234
2010-07-22,351,233
2010-07-23,347,236
2010-07-24,385,261
2010-07-25,313,195
2010-07-26,341,222
2010-07-27,348,246
2010-07-28,362,237
2010-07-29,317,215
2010-07-30,325,219
2010-07-31,337,238
2010-08-01,378,242
2010-08-02,317,221
2010-08-03,355,241
2010-08-04,363,250
2010-08-05,363,234
2010-08-06,347,229
2010-08-07,361,233
2010-08-08,375,259
2010-08-09,319,204
2010-08-10,349,223
2010-08-11,387,234
2010-08-12,185,130
2010-08-13,193,147
2010-08-14,446,278
2010-08-15,382,236
2010-08-16,367,237
2010-08-17,328,221
2010-08-18,349,239
2010-08-19,344,215
2010-08-20,325,219
2010-08-21,311,190
2010-08-22,332,191
2010-08-23,362,234
2010-08-24,314,205
2010-08-25,316,211
2010-08-26,323,205
2010-08-27,288,186
2010-08-28,322,223
2010-08-29,365,244
2010-08-30,338,216
2010-08-31,360,242
2010-09-01,351,215
2010-09-02,349,234
2010-09-03,301,212
2010-09-04,137,107
2010-09-05,288,195
2010-09-06,319,203
2010-09-07,329,208
2010-09-08,218,156
2010-09-09,349,209
2010-09-10,303,189
2010-09-11,349,214
2010-09-12,322,211
2010-09-13,332,213
2010-09-14,285,184
2010-09-15,286,181
2010-09-16,329,205
2010-09-17,360,244
2010-09-18,331,226
2010-09-19,276,172
2010-09-20,195,136
2010-09-21,187,131
2010-09-22,217,150
2010-09-23,379,233
2010-09-24,376,229
2010-09-25,392,244
2010-09-26,369,245
2010-09-27,367,237
2010-09-28,391,233
2010-09-29,312,195
2010-09-30,394,263
2010-10-01,372,235
2010-10-02,385,231
2010-10-03,309,188
2010-10-04,275,191
2010-10-05,283,190
2010-10-06,291,197
2010-10-07,297,203
2010-10-08,318,194
2010-10-09,292,194
2010-10-10,314,209
2010-10-11,267,171
2010-10-12,280,175
2010-10-13,350,222
2010-10-14,280,195
2010-10-15,324,209
2010-10-16,281,177
2010-10-17,273,180
2010-10-18,261,165
2010-10-19,309,202
2010-10-20,284,173
2010-10-21,293,185
2010-10-22,239,159
2010-10-23,319,194
2010-10-24,290,186
2010-10-25,260,170
2010-10-26,272,181
2010-10-27,299,213
2010-10-28,286,185
2010-10-29,270,186
2010-10-30,273,174
2010-10-31,319,211
2010-11-01,366,237
2010-11-02,376,242
2010-11-03,321,202
2010-11-04,326,226
2010-11-05,329,216
2010-11-06,370,215
2010-11-07,227,147
2010-11-08,293,200
2010-11-09,329,201
2010-11-10,324,201
2010-11-11,363,225
2010-11-12,340,235
2010-11-13,383,228
2010-11-14,365,226
2010-11-15,333,209
2010-11-16,344,211
2010-11-17,347,208
2010-11-18,312,208
2010-11-19,384,262
2010-11-20,305,181
2010-11-21,376,236
2010-11-22,377,232
2010-11-23,315,204
2010-11-24,309,185
2010-11-25,279,193
2010-11-26,196,139
2010-11-27,313,205
2010-11-28,361,208
2010-11-29,305,202
2010-11-30,367,238
2010-12-01,292,175
2010-12-02,343,216
2010-12-03,334,219
2010-12-04,230,154
2010-12-05,270,169
2010-12-06,279,190
2010-12-07,344,227
2010-12-08,341,231
2010-12-09,303,177
2010-12-10,312,202
2010-12-11,346,232
2010-12-12,304,202
2010-12-13,313,201
2010-12-14,368,246
2010-12-15,319,220
2010-12-16,371,217
2010-12-17,322,213
2010-12-18,332,233
2010-12-19,380,227
2010-12-20,309,195
2010-12-21,380,257
2010-12-22,276,190
2010-12-23,389,231
2010-12-24,340,224
2010-12-25,346,221
2010-12-26,329,194
2010-12-27,297,182
2010-12-28,322,206
2010-12-29,287,188
2010-12-30,312,172
2010-12-31,357,226
2011-01-01,355,210
2011-01-02,365,246
2011-01-03,312,188
2011-01-04,408,241
2011-01-05,319,206
2011-01-06,354,233
2011-01-07,299,203
2011-01-08,295,184
2011-01-09,303,196
2011-01-10,325,211
2011-01-11,345,228
2011-01-12,343,209
2011-01-13,283,168
2011-01-14,353,233
2011-01-15,334,200
2011-01-16,426,194
2011-01-17,346,179
2011-01-18,346,182
2011-01-19,270,164
2011-01-20,384,199
2011-01-21,330,208
2011-01-22,390,202
2011-01-23,344,164
2011-01-24,345,220
2011-01-25,396,242
2011-01-26,296,184
2011-01-27,338,221
2011-01-28,335,195
2011-01-29,310,190
2011-01-30,339,227
2011-01-31,265,181
2011-02-01,341,216
2011-02-02,337,214
2011-02-03,349,217
2011-02-04,338,213
2011-02-05,185,125
2011-02-06,511,313
2011-02-07,145,112
2011-02-08,231,176
2011-02-09,392,266
2011-02-10,330,228
2011-02-11,412,245
2011-02-12,402,261
2011-02-13,376,255
2011-02-14,456,260
2011-02-15,428,291
2011-02-16,346,223
2011-02-17,428,265
2011-02-18,314,224
2011-02-19,324,215
2011-02-20,46,41
2011-02-21,80,69
2011-02-22,101,78
2011-02-23,134,100
2011-02-24,478,279
2011-02-25,504,312
2011-02-26,498,327
2011-02-27,402,267
2011-02-28,409,285
2011-03-01,365,249
2011-03-02,412,290
2011-03-03,698,429
2011-03-04,618,395
2011-03-05,709,463
2011-03-06,730,471
2011-03-07,722,467
2011-03-08,508,372
2011-03-09,513,346
2011-03-10,631,412
2011-03-11,603,397
2011-03-12,533,374
2011-03-13,609,417
2011-03-14,591,386
2011-03-15,721,473
2011-03-16,559,391
2011-03-17,587,393
2011-03-18,575,352
2011-03-19,523,377
2011-03-20,528,346
2011-03-21,540,330
2011-03-22,615,383
2011-03-23,652,456
2011-03-24,655,426
2011-03-25,623,393
2011-03-26,597,383
2011-03-27,613,411
2011-03-28,641,410
2011-03-29,527,367
2011-03-30,642,395
2011-03-31,599,385
2011-04-01,472,317
2011-04-02,386,282
2011-04-03,420,293
2011-04-04,405,273
2011-04-05,424,276
2011-04-06,183,147
2011-04-07,347,232
2011-04-08,363,255
2011-04-09,458,326
2011-04-10,335,254
2011-04-11,360,269
2011-04-12,415,312
2011-04-13,412,303
2011-04-14,457,289
2011-04-15,421,284
2011-04-16,448,295
2011-04-17,437,305
2011-04-18,510,323
2011-04-19,395,255
2011-04-20,469,290
2011-04-21,439,269
2011-04-22,421,257
2011-04-23,395,275
2011-04-24,489,305
2011-04-25,426,272
2011-04-26,456,297
2011-04-27,443,291
2011-04-28,412,298
2011-04-29,503,312
2011-04-30,461,296
2011-05-01,461,309
2011-05-02,417,272
2011-05-03,484,324
2011-05-04,425,277
2011-05-05,380,247
2011-05-06,443,315
2011-05-07,482,289
2011-05-08,453,272
2011-05-09,410,264
2011-05-10,382,256
2011-05-11,371,268
2011-05-12,502,333
2011-05-13,454,309
2011-05-14,434,293
2011-05-15,440,292
2011-05-16,477,315
2011-05-17,445,292
2011-05-18,441,278
2011-05-19,737,435
2011-05-20,732,460
2011-05-21,843,516
2011-05-22,899,549
2011-05-23,850,514
2011-05-24,880,485
2011-05-25,880,515
2011-05-26,858,517
2011-05-27,885,523
2011-05-28,795,482
2011-05-29,628,388
2011-05-30,977,542
2011-05-31,886,544
2011-06-01,743,461
2011-06-02,774,451
2011-06-03,758,488
2011-06-04,753,489
2011-06-05,774,457
2011-06-06,695,425
2011-06-07,970,543
2011-06-08,915,516
2011-06-09,817,485
2011-06-10,826,475
2011-06-11,768,508
2011-06-12,795,487
2011-06-13,720,425
2011-06-14,897,526
2011-06-15,856,535
2011-06-16,753,453
2011-06-17,765,454
2011-06-18,804,478
2011-06-19,686,425
2011-06-20,465,313
2011-06-21,724,405
2011-06-22,722,365
2011-06-23,955,411
2011-06-24,659,338
2011-06-25,776,428
2011-06-26,1090,526
2011-06-27,1252,484
2011-06-28,1329,568
2011-06-29,958,523
2011-06-30,900,543
2011-07-01,731,446
2011-07-02,675,427
2011-07-03,664,408
2011-07-04,641,395
2011-07-05,755,470
2011-07-06,812,492
2011-07-07,929,570
2011-07-08,806,469
2011-07-09,732,460
2011-07-10,768,495
2011-07-11,733,460
2011-07-12,836,542
2011-07-13,859,541
2011-07-14,777,483
2011-07-15,742,464
2011-07-16,748,473
2011-07-17,760,465
2011-07-18,827,497
2011-07-19,768,512
2011-07-20,848,514
2011-07-21,780,480
2011-07-22,799,501
2011-07-23,779,475
2011-07-24,731,464
2011-07-25,709,455
2011-07-26,759,467
2011-07-27,758,472
2011-07-28,603,397
2011-07-29,675,475
2011-07-30,802,527
2011-07-31,741,484
2011-08-01,732,456
2011-08-02,773,482
2011-08-03,572,386
2011-08-04,424,265
2011-08-05,1439,760
2011-08-06,717,444
2011-08-07,692,443
2011-08-08,406,271
2011-08-09,750,457
2011-08-10,776,494
2011-08-11,527,320
2011-08-12,509,348
2011-08-13,450,298
2011-08-14,471,307
2011-08-15,462,282
2011-08-16,985,578
2011-08-17,1316,702
2011-08-18,1138,654
2011-08-19,619,398
2011-08-20,456,316
2011-08-21,226,157
2011-08-22,497,316
2011-08-23,1310,662
2011-08-24,779,484
2011-08-25,989,565
2011-08-26,727,457
2011-08-27,561,384
2011-08-28,517,367
2011-08-29,327,251
2011-08-30,498,337
2011-08-31,695,454
2011-09-01,892,583
2011-09-02,702,433
2011-09-03,719,442
2011-09-04,654,388
2011-09-05,681,440
2011-09-06,675,456
2011-09-07,789,495
2011-09-08,821,540
2011-09-09,751,489
2011-09-10,775,528
2011-09-11,712,481
2011-09-12,644,414
2011-09-13,754,492
2011-09-14,646,432
2011-09-15,815,514
2011-09-16,812,485
2011-09-17,747,457
2011-09-18,796,490
2011-09-19,735,464
2011-09-20,753,475
2011-09-21,658,433
2011-09-22,795,504
2011-09-23,841,537
2011-09-24,699,468
2011-09-25,220,166
2011-09-26,158,127
2011-09-27,207,159
2011-09-28,411,271
2011-09-29,803,529
2011-09-30,778,506
2011-10-01,526,336
2011-10-02,551,339
2011-10-03,681,423
2011-10-04,659,394
2011-10-05,612,377
2011-10-06,627,393
2011-10-07,650,409
2011-10-08,459,319
2011-10-09,605,398
2011-10-10,482,328
2011-10-11,357,226
2011-10-12,368,254
2011-10-13,451,289
2011-10-14,715,429
2011-10-15,542,372
2011-10-16,631,403
2011-10-17,627,403
2011-10-18,566,404
2011-10-19,664,427
2011-10-20,573,373
2011-10-21,524,351
2011-10-22,608,406
2011-10-23,564,352
2011-10-24,554,347
2011-10-25,430,279
2011-10-26,379,228
2011-10-27,418,268
2011-10-28,527,346
2011-10-29,540,364
2011-10-30,485,339
2011-10-31,485,322
2011-11-01,522,347
2011-11-02,475,286
2011-11-03,543,342
2011-11-04,546,345
2011-11-05,543,321
2011-11-06,498,328
2011-11-07,508,319
2011-11-08,504,299
2011-11-09,478,303
2011-11-10,556,346
2011-11-11,508,335
2011-11-12,598,349
2011-11-13,559,339
2011-11-14,610,396
2011-11-15,551,341
2011-11-16,571,342
2011-11-17,610,368
2011-11-18,584,321
2011-11-19,574,348
2011-11-20,644,399
2011-11-21,278,196
2011-11-22,246,174
2011-11-23,664,436
2011-11-24,553,324
2011-11-25,573,361
2011-11-26,496,318
2011-11-27,540,378
2011-11-28,617,408
2011-11-29,648,414
2011-11-30,581,371
2011-12-01,603,366
2011-12-02,571,374
2011-12-03,546,362
2011-12-04,684,432
2011-12-05,540,357
2011-12-06,610,394
2011-12-07,618,364
2011-12-08,645,373
2011-12-09,564,342
2011-12-10,635,394
2011-12-11,519,336
2011-12-12,529,321
2011-12-13,622,410
2011-12-14,614,419
2011-12-15,658,399
2011-12-16,589,378
2011-12-17,615,405
2011-12-18,522,340
2011-12-19,629,430
2011-12-20,609,387
2011-12-21,574,369
2011-12-22,597,360
2011-12-23,576,349
2011-12-24,480,322
2011-12-25,582,386
2011-12-26,665,436
2011-12-27,537,332
2011-12-28,634,372
2011-12-29,541,370
2011-12-30,523,342
2011-12-31,542,350
2012-01-01,552,365
2012-01-02,486,324
2012-01-03,492,307
2012-01-04,598,364
2012-01-05,610,390
2012-01-06,379,250
2012-01-07,104,72
2012-01-08,357,228
2012-01-09,641,389
2012-01-10,587,370
2012-01-11,498,315
2012-01-12,602,358
2012-01-13,709,425
2012-01-14,606,385
2012-01-15,579,369
2012-01-16,558,363
2012-01-17,573,350
2012-01-18,581,336
2012-01-19,554,361
2012-01-20,584,404
2012-01-21,535,371
2012-01-22,583,367
2012-01-23,603,409
2012-01-24,492,345
2012-01-25,471,315
2012-01-26,550,365
2012-01-27,570,405
2012-01-28,593,445
2012-01-29,605,425
2012-01-30,575,396
2012-01-31,594,418
2012-02-01,600,409
2012-02-02,681,464
2012-02-03,922,603
2012-02-04,999,638
2012-02-05,873,611
2012-02-06,780,575
2012-02-07,785,572
2012-02-08,929,659
2012-02-09,800,577
2012-02-10,858,600
2012-02-11,773,546
2012-02-12,922,621
2012-02-13,673,483
2012-02-14,780,558
2012-02-15,876,600
2012-02-16,876,614
2012-02-17,418,326
2012-02-18,238,179
2012-02-19,194,143
2012-02-20,654,449
2012-02-21,909,603
2012-02-22,858,581
2012-02-23,869,638
2012-02-24,1080,770
2012-02-25,914,705
2012-02-26,944,664
2012-02-27,975,709
2012-02-28,841,616
2012-02-29,879,644
2012-03-01,774,569
2012-03-02,724,517
2012-03-03,857,621
2012-03-04,904,580
2012-03-05,714,522
2012-03-06,783,584
2012-03-07,928,656
2012-03-08,943,689
2012-03-09,883,661
2012-03-10,824,595
2012-03-11,820,608
2012-03-12,881,623
2012-03-13,881,642
2012-03-14,707,512
2012-03-15,411,289
2012-03-16,848,555
2012-03-17,862,610
2012-03-18,745,583
2012-03-19,732,556
2012-03-20,840,619
2012-03-21,869,616
2012-03-22,758,514
2012-03-23,714,477
2012-03-24,836,568
2012-03-25,842,582
2012-03-26,773,557
2012-03-27,925,668
2012-03-28,901,605
2012-03-29,883,569
2012-03-30,901,609
2012-03-31,703,466
2012-04-01,715,499
2012-04-02,895,583
2012-04-03,698,454
2012-04-04,944,630
2012-04-05,960,636
2012-04-06,903,610
2012-04-07,979,678
2012-04-08,953,654
2012-04-09,898,633
2012-04-10,923,658
2012-04-11,954,679
2012-04-12,616,450
2012-04-13,603,405
2012-04-14,727,495
2012-04-15,481,325
2012-04-16,497,339
2012-04-17,586,375
2012-04-18,672,437
2012-04-19,621,408
2012-04-20,628,425
2012-04-21,711,476
2012-04-22,993,680
2012-04-23,1057,705
2012-04-24,1005,669
2012-04-25,965,644
2012-04-26,1060,696
2012-04-27,988,658
2012-04-28,1023,700
2012-04-29,1025,729
2012-04-30,996,711
2012-05-01,826,596
2012-05-02,833,612
2012-05-03,747,520
2012-05-04,787,520
2012-05-05,901,617
2012-05-06,924,636
2012-05-07,894,609
2012-05-08,993,682
2012-05-09,943,643
2012-05-10,1160,771
2012-05-11,954,623
2012-05-12,1019,662
2012-05-13,885,590
2012-05-14,869,616
2012-05-15,960,643
2012-05-16,743,502
2012-05-17,763,513
2012-05-18,1065,677
2012-05-19,911,603
2012-05-20,827,554
2012-05-21,844,579
2012-05-22,895,611
2012-05-23,964,637
2012-05-24,690,486
2012-05-25,612,435
2012-05-26,980,658
2012-05-27,968,632
2012-05-28,956,623
2012-05-29,910,609
2012-05-30,783,549
2012-05-31,687,493
2012-06-01,1055,693
2012-06-02,1035,691
2012-06-03,814,568
2012-06-04,834,580
2012-06-05,975,669
2012-06-06,850,575
2012-06-07,889,600
2012-06-08,931,633
2012-06-09,1018,652
2012-06-10,884,609
2012-06-11,976,706
2012-06-12,983,682
2012-06-13,850,568
2012-06-14,941,636
2012-06-15,1085,683
2012-06-16,766,510
2012-06-17,1090,708
2012-06-18,876,625
2012-06-19,937,664
2012-06-20,1019,694
2012-06-21,1225,750
2012-06-22,1156,722
2012-06-23,691,448
2012-06-24,1036,710
2012-06-25,876,632
2012-06-26,949,637
2012-06-27,917,657
2012-06-28,1111,771
2012-06-29,951,647
2012-06-30,1175,763
2012-07-01,904,615
2012-07-02,1181,809
2012-07-03,927,624
2012-07-04,884,592
2012-07-05,1077,726
2012-07-06,1082,708
2012-07-07,967,662
2012-07-08,1090,744
2012-07-09,955,658
2012-07-10,911,629
2012-07-11,823,551
2012-07-12,996,667
2012-07-13,938,647
2012-07-14,914,617
2012-07-15,834,564
2012-07-16,1056,715
2012-07-17,1070,735
2012-07-18,1029,696
2012-07-19,996,680
2012-07-20,935,658
2012-07-21,715,514
2012-07-22,800,548
2012-07-23,926,642
2012-07-24,984,629
2012-07-25,1018,683
2012-07-26,961,634
2012-07-27,923,614
2012-07-28,876,614
2012-07-29,972,677
2012-07-30,930,630
2012-07-31,974,614
2012-08-01,1118,769
2012-08-02,916,621
2012-08-03,1053,720
2012-08-04,1115,755
2012-08-05,991,659
2012-08-06,1079,725
2012-08-07,870,587
2012-08-08,904,598
2012-08-09,1048,668
2012-08-10,1055,696
2012-08-11,1067,721
2012-08-12,415,314
2012-08-13,173,100
2012-08-14,659,464
2012-08-15,915,622
2012-08-16,1164,788
2012-08-17,1009,719
2012-08-18,945,662
2012-08-19,777,523
2012-08-20,775,523
2012-08-21,694,472
2012-08-22,895,637
2012-08-23,878,583
2012-08-24,840,589
2012-08-25,1007,707
2012-08-26,923,596
2012-08-27,340,228
2012-08-28,550,371
2012-08-29,1076,717
2012-08-30,1079,680
2012-08-31,1127,784
2012-09-01,787,543
2012-09-02,1046,688
2012-09-03,1046,667
2012-09-04,850,585
2012-09-05,977,677
2012-09-06,956,648
2012-09-07,946,638
2012-09-08,937,636
2012-09-09,893,603
2012-09-10,970,637
2012-09-11,879,606
2012-09-12,974,654
2012-09-13,1041,692
2012-09-14,1057,702
2012-09-15,877,586
2012-09-16,919,667
2012-09-17,991,682
2012-09-18,1062,674
2012-09-19,967,668
2012-09-20,972,634
2012-09-21,1022,687
2012-09-22,912,621
2012-09-23,961,636
2012-09-24,712,491
2012-09-25,876,581
2012-09-26,982,612
2012-09-27,916,596
2012-09-28,886,631
2012-09-29,887,592
2012-09-30,1016,646
2012-10-01,1017,679
2012-10-02,955,669
2012-10-03,958,628
2012-10-04,960,606
2012-10-05,1020,690
2012-10-06,996,657
2012-10-07,1091,697
2012-10-08,1033,695
2012-10-09,976,647
2012-10-10,1051,701
2012-10-11,1177,778
2012-10-12,920,658
2012-10-13,1058,698
2012-10-14,925,588
2012-10-15,847,559
2012-10-16,956,613
2012-10-17,1054,670
2012-10-18,1154,748
2012-10-19,1057,713
2012-10-20,1096,761
2012-10-21,840,574
2012-10-22,926,627
2012-10-23,1031,649
2012-10-24,1020,713
2012-10-25,1098,718
2012-10-26,1065,680
2012-10-27,984,659
2012-10-28,984,694
2012-10-29,1076,719
2012-10-30,1085,740
2012-10-31,903,592
2012-11-01,933,604
2012-11-02,1022,654
2012-11-03,915,581
2012-11-04,967,665
2012-11-05,721,489
2012-11-06,866,565
2012-11-07,1031,667
2012-11-08,1084,703
2012-11-09,772,519
2012-11-10,975,651
2012-11-11,671,441
2012-11-12,1130,734
2012-11-13,933,613
2012-11-14,967,648
2012-11-15,944,614
2012-11-16,956,629
2012-11-17,1012,668
2012-11-18,1044,680
2012-11-19,961,617
2012-11-20,1015,681
2012-11-21,949,614
2012-11-22,1024,692
2012-11-23,397,257
2012-11-24,568,365
2012-11-25,453,308
2012-11-26,724,470
2012-11-27,1250,780
2012-11-28,839,519
2012-11-29,913,587
2012-11-30,1033,688
2012-12-01,946,651
2012-12-02,1077,761
2012-12-03,913,640
2012-12-04,1059,689
2012-12-05,917,606
2012-12-06,1018,688
2012-12-07,1031,687
2012-12-08,993,653
2012-12-09,819,543
2012-12-10,963,625
2012-12-11,788,521
2012-12-12,918,614
2012-12-13,949,648
2012-12-14,886,612
2012-12-15,931,644
2012-12-16,903,615
2012-12-17,1035,661
2012-12-18,1047,683
2012-12-19,909,585
2012-12-20,902,608
2012-12-21,985,642
2012-12-22,1047,702
2012-12-23,865,562
2012-12-24,1012,652
2012-12-25,825,549
2012-12-26,868,575
2012-12-27,1040,689
2012-12-28,948,621
2012-12-29,677,436
2012-12-30,949,595
2012-12-31,966,615
2013-01-01,829,530
2013-01-02,830,540
2013-01-03,835,559
2013-01-04,983,607
2013-01-05,1122,732
2013-01-06,1042,692
2013-01-07,925,634
2013-01-08,1001,673
2013-01-09,1042,700
2013-01-10,924,589
2013-01-11,939,620
2013-01-12,1193,779
2013-01-13,1035,681
2013-01-14,938,630
2013-01-15,959,615
2013-01-16,891,549
2013-01-17,1074,697
2013-01-18,1023,665
2013-01-19,944,633
2013-01-20,918,590
2013-01-21,1006,617
2013-01-22,1059,692
2013-01-23,933,649
2013-01-24,984,637
2013-01-25,857,581
2013-01-26,1089,687
2013-01-27,897,576
2013-01-28,977,621
2013-01-29,1012,657
2013-01-30,1120,729
2013-01-31,981,652
2013-02-01,1104,707
2013-02-02,1047,660
2013-02-03,1148,701
2013-02-04,961,626
2013-02-05,1115,716
2013-02-06,1022,666
2013-02-07,1220,756
2013-02-08,1142,730
2013-02-09,998,639
2013-02-10,1176,802
2013-02-11,1068,725
2013-02-12,991,634
2013-02-13,939,590
2013-02-14,906,592
2013-02-15,1187,749
2013-02-16,1120,722
2013-02-17,932,581
2013-02-18,943,635
2013-02-19,1071,678
2013-02-20,1141,690
2013-02-21,1204,737
2013-02-22,1118,719
2013-02-23,830,553
2013-02-24,23,21
NA,1002,16
