2013-02-24,421388,1
2013-02-23,14934308,2
2013-02-22,17862644,3
2013-02-21,18930319,4
2013-02-20,19574822,5
2013-02-19,19246731,6
2013-02-18,17662491,7
2013-02-17,18485974,8
2013-02-16,20576978,9
2013-02-15,22035537,10
2013-02-14,20196838,11
2013-02-13,20747892,12
2013-02-12,21146903,13
2013-02-11,21925859,14
2013-02-10,23799866,15
2013-02-09,20377064,16
2013-02-08,21906447,17
2013-02-07,24386247,18
2013-02-06,21013633,19
2013-02-05,24487196,20
2013-02-04,25716936,21
2013-02-03,24853330,22
2013-02-02,22614641,23
2013-02-01,26311495,24
2013-01-31,22113864,25
2013-01-30,25631081,26
2013-01-29,24251071,27
2013-01-28,27505505,28
2013-01-27,24021699,29
2013-01-26,27829374,30
2013-01-25,23452189,31
2013-01-24,27397993,32
2013-01-23,26248962,33
2013-01-22,23952851,34
2013-01-21,27523930,35
2013-01-20,25346464,36
2013-01-19,26071314,37
2013-01-18,30784571,38
2013-01-17,31066088,39
2013-01-16,26794655,40
2013-01-15,25268429,41
2013-01-14,27417699,42
2013-01-13,27097582,43
2013-01-12,30990994,44
2013-01-11,30865536,45
2013-01-10,25188260,46
2013-01-09,31364906,47
2013-01-08,26730655,48
2013-01-07,28201654,49
2013-01-06,33646731,50
2013-01-05,33924198,51
2013-01-04,30650559,52
2013-01-03,25604356,53
2013-01-02,26957649,54
2013-01-01,23265965,55
2012-12-31,30531743,56
2012-12-30,38470508,57
2012-12-29,24373411,58
2012-12-28,42537224,59
2012-12-27,40712139,60
2012-12-26,30684471,61
2012-12-25,28990647,62
2012-12-24,38118365,63
2012-12-23,34674927,64
2012-12-22,36941748,65
2012-12-21,36664865,66
2012-12-20,30718043,67
2012-12-19,39490836,68
2012-12-18,42102567,69
2012-12-17,40291673,70
2012-12-16,34872369,71
2012-12-15,34806281,72
2012-12-14,34538879,73
2012-12-13,41110407,74
2012-12-12,35971983,75
2012-12-11,34603620,76
2012-12-10,41329178,77
2012-12-09,36531797,78
2012-12-08,41840432,79
2012-12-07,36621926,80
2012-12-06,40726807,81
2012-12-05,36271696,82
2012-12-04,45197015,83
2012-12-03,34433236,84
2012-12-02,36415661,85
2012-12-01,36170798,86
2012-11-30,40903786,87
2012-11-29,36504479,88
2012-11-28,41405304,89
2012-11-27,47749774,90
2012-11-26,27944150,91
2012-11-25,22973232,92
2012-11-24,20706062,93
2012-11-23,20316344,94
2012-11-22,47582836,95
2012-11-21,38942181,96
2012-11-20,47141659,97
2012-11-19,44706756,98
2012-11-18,40496071,99
2012-11-17,41515788,100
2012-11-16,40462041,101
2012-11-15,37605572,102
2012-11-14,34290560,103
2012-11-13,38500808,104
2012-11-12,42142235,105
2012-11-11,34982582,106
2012-11-10,37292216,107
2012-11-09,34205987,108
2012-11-08,42788562,109
2012-11-07,42365231,110
2012-11-06,37346654,111
2012-11-05,32195645,112
2012-11-04,45684252,113
2012-11-03,40339475,114
2012-11-02,39793325,115
2012-11-01,40924771,116
2012-10-31,39989473,117
2012-10-30,42997977,118
2012-10-29,46430630,119
2012-10-28,45231249,120
2012-10-27,46072643,121
2012-10-26,45477445,122
2012-10-25,43282918,123
2012-10-24,41926807,124
2012-10-23,50264171,125
2012-10-22,43303471,126
2012-10-21,34627559,127
2012-10-20,48335758,128
2012-10-19,48128085,129
2012-10-18,51225582,130
2012-10-17,42899384,131
2012-10-16,45619007,132
2012-10-15,38368012,133
2012-10-14,43435689,134
2012-10-13,40016567,135
2012-10-12,37574899,136
2012-10-11,49779775,137
2012-10-10,43331943,138
2012-10-09,53269464,139
2012-10-08,45794434,140
2012-10-07,42761584,141
2012-10-06,46386326,142
2012-10-05,46639353,143
2012-10-04,48770211,144
2012-10-03,46741527,145
2012-10-02,40776291,146
2012-10-01,52220332,147
2012-09-30,46863323,148
2012-09-29,36753664,149
2012-09-28,39259481,150
2012-09-27,41777971,151
2012-09-26,48074762,152
2012-09-25,41300093,153
2012-09-24,30879422,154
2012-09-23,54307090,155
2012-09-22,53248719,156
2012-09-21,48483347,157
2012-09-20,47827291,158
2012-09-19,48439375,159
2012-09-18,49352374,160
2012-09-17,41592177,161
2012-09-16,38434338,162
2012-09-15,39027203,163
2012-09-14,49177205,164
2012-09-13,51324809,165
2012-09-12,44217051,166
2012-09-11,45998119,167
2012-09-10,51982962,168
2012-09-09,43031434,169
2012-09-08,53465954,170
2012-09-07,47117542,171
2012-09-06,44607406,172
2012-09-05,53060427,173
2012-09-04,44119076,174
2012-09-03,47406958,175
2012-09-02,41281376,176
2012-09-01,42025383,177
2012-08-31,46728513,178
2012-08-30,50632288,179
2012-08-29,50158670,180
2012-08-28,32895072,181
2012-08-27,25992877,182
2012-08-26,41396774,183
2012-08-25,47786050,184
2012-08-24,39796703,185
2012-08-23,38556433,186
2012-08-22,35213423,187
2012-08-21,32354820,188
2012-08-20,33451641,189
2012-08-19,41031496,190
2012-08-18,44125884,191
2012-08-17,43219730,192
2012-08-16,45464244,193
2012-08-15,45239092,194
2012-08-14,35829046,195
2012-08-13,13629742,196
2012-08-12,26466450,197
2012-08-11,51553678,198
2012-08-10,54892329,199
2012-08-09,50805657,200
2012-08-08,45064048,201
2012-08-07,44847630,202
2012-08-06,53800498,203
2012-08-05,53922006,204
2012-08-04,54837864,205
2012-08-03,49429103,206
2012-08-02,45731435,207
2012-08-01,51973502,208
2012-07-31,48978105,209
2012-07-30,52880020,210
2012-07-29,43660476,211
2012-07-28,40908569,212
2012-07-27,53856568,213
2012-07-26,47573421,214
2012-07-25,51053651,215
2012-07-24,43201008,216
2012-07-23,45858758,217
2012-07-22,37562861,218
2012-07-21,32305227,219
2012-07-20,43596870,220
2012-07-19,46562831,221
2012-07-18,44020163,222
2012-07-17,51205795,223
2012-07-16,51164788,224
2012-07-15,38216186,225
2012-07-14,42201604,226
2012-07-13,45550155,227
2012-07-12,49133570,228
2012-07-11,42992180,229
2012-07-10,41998467,230
2012-07-09,47311947,231
2012-07-08,51003934,232
2012-07-07,48615640,233
2012-07-06,52592787,234
2012-07-05,50771805,235
2012-07-04,45539652,236
2012-07-03,43865669,237
2012-07-02,48167448,238
2012-07-01,51976039,239
2012-06-30,52623805,240
2012-06-29,50235096,241
2012-06-28,55444668,242
2012-06-27,49934425,243
2012-06-26,47804814,244
2012-06-25,44860136,245
2012-06-24,45573330,246
2012-06-23,43387223,247
2012-06-22,44624341,248
2012-06-21,52138998,249
2012-06-20,51200613,250
2012-06-19,42129542,251
2012-06-18,43953811,252
2012-06-17,48230729,253
2012-06-16,45599565,254
2012-06-15,48706895,255
2012-06-14,44393897,256
2012-06-13,52413934,257
2012-06-12,51271235,258
2012-06-11,42765885,259
2012-06-10,36482696,260
2012-06-09,48331989,261
2012-06-08,47818189,262
2012-06-07,41546398,263
2012-06-06,46382943,264
2012-06-05,49882277,265
2012-06-04,53234465,266
2012-06-03,45757547,267
2012-06-02,46166617,268
2012-06-01,59261213,269
2012-05-31,38787377,270
2012-05-30,46467978,271
2012-05-29,51273305,272
2012-05-28,49835813,273
2012-05-27,57401902,274
2012-05-26,56109817,275
2012-05-25,40567116,276
2012-05-24,39788942,277
2012-05-23,56066712,278
2012-05-22,56238213,279
2012-05-21,52863073,280
2012-05-20,45110684,281
2012-05-19,55636305,282
2012-05-18,48626837,283
2012-05-17,40527376,284
2012-05-16,40058676,285
2012-05-15,51058355,286
2012-05-14,47485744,287
2012-05-13,42366738,288
2012-05-12,49199668,289
2012-05-11,50050164,290
2012-05-10,56855292,291
2012-05-09,45482777,292
2012-05-08,49031217,293
2012-05-07,49573724,294
2012-05-06,50096829,295
2012-05-05,47103030,296
2012-05-04,45169689,297
2012-05-03,42254120,298
2012-05-02,43372176,299
2012-05-01,42325726,300
2012-04-30,50572964,301
2012-04-29,48903031,302
2012-04-28,47121607,303
2012-04-27,45113163,304
2012-04-26,58917467,305
2012-04-25,48371859,306
2012-04-24,50111549,307
2012-04-23,52379785,308
2012-04-22,54889702,309
2012-04-21,39872521,310
2012-04-20,47017415,311
2012-04-19,33668053,312
2012-04-18,47475823,313
2012-04-17,40883010,314
2012-04-16,32309715,315
2012-04-15,38585607,316
2012-04-14,43154957,317
2012-04-13,40851971,318
2012-04-12,41802730,319
2012-04-11,60321398,320
2012-04-10,53385943,321
2012-04-09,47895178,322
2012-04-08,59100507,323
2012-04-07,51884243,324
2012-04-06,53212012,325
2012-04-05,52520145,326
2012-04-04,53205317,327
2012-04-03,41973642,328
2012-04-02,52313407,329
2012-04-01,44688186,330
2012-03-31,52106450,331
2012-03-30,52589605,332
2012-03-29,50931347,333
2012-03-28,51391984,334
2012-03-27,53503142,335
2012-03-26,46029147,336
2012-03-25,49808751,337
2012-03-24,50160850,338
2012-03-23,41515621,339
2012-03-22,49318909,340
2012-03-21,49890999,341
2012-03-20,53600168,342
2012-03-19,47594094,343
2012-03-18,45296848,344
2012-03-17,53568658,345
2012-03-16,48593580,346
2012-03-15,28701309,347
2012-03-14,47141374,348
2012-03-13,48046292,349
2012-03-12,51490510,350
2012-03-11,55542063,351
2012-03-10,43983733,352
2012-03-09,43406097,353
2012-03-08,54779985,354
2012-03-07,52868186,355
2012-03-06,48736324,356
2012-03-05,43685850,357
2012-03-04,49344621,358
2012-03-03,48805492,359
2012-03-02,44026123,360
2012-03-01,43090848,361
2012-02-29,48282152,362
2012-02-28,42683068,363
2012-02-27,48793498,364
2012-02-26,37355223,365
2012-02-25,44676520,366
2012-02-24,53475790,367
2012-02-23,51414430,368
2012-02-22,46108661,369
2012-02-21,51791244,370
2012-02-20,35221027,371
2012-02-19,14252303,372
2012-02-18,20527507,373
2012-02-17,29379655,374
2012-02-16,60673230,375
2012-02-15,54676930,376
2012-02-14,46258336,377
2012-02-13,46000806,378
2012-02-12,51889450,379
2012-02-11,49053860,380
2012-02-10,53272980,381
2012-02-09,51760285,382
2012-02-08,55305437,383
2012-02-07,49931205,384
2012-02-06,48282177,385
2012-02-05,59995267,386
2012-02-04,60190956,387
2012-02-03,62891645,388
2012-02-02,37497202,389
2012-02-01,37895686,390
2012-01-31,42217023,391
2012-01-30,48205362,392
2012-01-29,39608792,393
2012-01-28,45226908,394
2012-01-27,42308882,395
2012-01-26,35431046,396
2012-01-25,40809900,397
2012-01-24,33105656,398
2012-01-23,42192475,399
2012-01-22,48579859,400
2012-01-21,45724214,401
2012-01-20,43118367,402
2012-01-19,45756447,403
2012-01-18,47153090,404
2012-01-17,38943491,405
2012-01-16,45118264,406
2012-01-15,44811492,407
2012-01-14,45938192,408
2012-01-13,51133816,409
2012-01-12,47283014,410
2012-01-11,39963971,411
2012-01-10,39598868,412
2012-01-09,47061123,413
2012-01-08,22713835,414
2012-01-07,13105133,415
2012-01-06,39845052,416
2012-01-05,46627084,417
2012-01-04,38807157,418
2012-01-03,31643508,419
2012-01-02,38747781,420
2012-01-01,41363812,421
2011-12-31,34792511,422
2011-12-30,35399579,423
2011-12-29,43572720,424
2011-12-28,51588362,425
2011-12-27,48385158,426
2011-12-26,54384579,427
2011-12-25,41374535,428
2011-12-24,38762499,429
2011-12-23,47082787,430
2011-12-22,41674158,431
2011-12-21,44915289,432
2011-12-20,37444587,433
2011-12-19,53019169,434
2011-12-18,41970974,435
2011-12-17,44941213,436
2011-12-16,52416052,437
2011-12-15,46637430,438
2011-12-14,52970772,439
2011-12-13,38954346,440
2011-12-12,38321928,441
2011-12-11,38079083,442
2011-12-10,53185978,443
2011-12-09,49276896,444
2011-12-08,48139606,445
2011-12-07,49390254,446
2011-12-06,50999727,447
2011-12-05,35003844,448
2011-12-04,55052316,449
2011-12-03,41995756,450
2011-12-02,45110807,451
2011-12-01,38909290,452
2011-11-30,42789533,453
2011-11-29,43784517,454
2011-11-28,45519584,455
2011-11-27,40748332,456
2011-11-26,33319896,457
2011-11-25,47710580,458
2011-11-24,45810109,459
2011-11-23,41428977,460
2011-11-22,23698079,461
2011-11-21,25858482,462
2011-11-20,47302129,463
2011-11-19,38706365,464
2011-11-18,47867005,465
2011-11-17,40331762,466
2011-11-16,47673092,467
2011-11-15,36500585,468
2011-11-14,56556751,469
2011-11-13,46228180,470
2011-11-12,46248440,471
2011-11-11,32703541,472
2011-11-10,41854519,473
2011-11-09,36793579,474
2011-11-08,35371422,475
2011-11-07,38538164,476
2011-11-06,39381662,477
2011-11-05,40008093,478
2011-11-04,35302145,479
2011-11-03,36150869,480
2011-11-02,35846221,481
2011-11-01,47461187,482
2011-10-31,38128339,483
2011-10-30,38025259,484
2011-10-29,36103364,485
2011-10-28,47154537,486
2011-10-27,41313240,487
2011-10-26,27835410,488
2011-10-25,33053778,489
2011-10-24,40831842,490
2011-10-23,37210131,491
2011-10-22,44221043,492
2011-10-21,31111343,493
2011-10-20,38827914,494
2011-10-19,45316988,495
2011-10-18,39495432,496
2011-10-17,43213127,497
2011-10-16,37797466,498
2011-10-15,39387624,499
2011-10-14,47683239,500
2011-10-13,27657807,501
2011-10-12,23312981,502
2011-10-11,25596628,503
2011-10-10,43387140,504
2011-10-09,41905365,505
2011-10-08,38401501,506
2011-10-07,51250253,507
2011-10-06,54543272,508
2011-10-05,53332437,509
2011-10-04,51802631,510
2011-10-03,52917907,511
2011-10-02,40666934,512
2011-10-01,29603586,513
2011-09-30,57991031,514
2011-09-29,57000839,515
2011-09-28,28474968,516
2011-09-27,18658596,517
2011-09-26,15854173,518
2011-09-25,27905401,519
2011-09-24,58754656,520
2011-09-23,67018754,521
2011-09-22,55919942,522
2011-09-21,49865365,523
2011-09-20,53939096,524
2011-09-19,47153594,525
2011-09-18,61887116,526
2011-09-17,46112119,527
2011-09-16,52768813,528
2011-09-15,63551658,529
2011-09-14,53414623,530
2011-09-13,53864661,531
2011-09-12,45355540,532
2011-09-11,49651328,533
2011-09-10,59493020,534
2011-09-09,51799900,535
2011-09-08,52234086,536
2011-09-07,59251138,537
2011-09-06,53697224,538
2011-09-05,54561237,539
2011-09-04,48684400,540
2011-09-03,57952069,541
2011-09-02,46549695,542
2011-09-01,54426568,543
2011-08-31,48642920,544
2011-08-30,36850751,545
2011-08-29,28452094,546
2011-08-28,40715837,547
2011-08-27,36794975,548
2011-08-26,47406630,549
2011-08-25,66877202,550
2011-08-24,54416896,551
2011-08-23,86571141,552
2011-08-22,31420420,553
2011-08-21,18441934,554
2011-08-20,41236584,555
2011-08-19,48146557,556
2011-08-18,74296494,557
2011-08-17,71430367,558
2011-08-16,64613750,559
2011-08-15,43631560,560
2011-08-14,46723306,561
2011-08-13,35466154,562
2011-08-12,40561935,563
2011-08-11,42082659,564
2011-08-10,59579858,565
2011-08-09,47216507,566
2011-08-08,33457412,567
2011-08-07,46927380,568
2011-08-06,53187198,569
2011-08-05,87180942,570
2011-08-04,30786955,571
2011-08-03,36761296,572
2011-08-02,55856211,573
2011-08-01,37985210,574
2011-07-31,45292231,575
2011-07-30,38139285,576
2011-07-29,39341265,577
2011-07-28,43780660,578
2011-07-27,42588254,579
2011-07-26,44348333,580
2011-07-25,41251582,581
2011-07-24,41386354,582
2011-07-23,53882795,583
2011-07-22,46771341,584
2011-07-21,48000959,585
2011-07-20,54675937,586
2011-07-19,48524755,587
2011-07-18,54592049,588
2011-07-17,51637997,589
2011-07-16,50228619,590
2011-07-15,50748708,591
2011-07-14,51617704,592
2011-07-13,52373491,593
2011-07-12,51392205,594
2011-07-11,51070233,595
2011-07-10,55880725,596
2011-07-09,46987819,597
2011-07-08,48422832,598
2011-07-07,58484720,599
2011-07-06,46628319,600
2011-07-05,47792033,601
2011-07-04,35901646,602
2011-07-03,44610244,603
2011-07-02,40749688,604
2011-07-01,49260972,605
2011-06-30,50816856,606
2011-06-29,52906014,607
2011-06-28,64883441,608
2011-06-27,72280139,609
2011-06-26,63503111,610
2011-06-25,43362219,611
2011-06-24,44108081,612
2011-06-23,51094131,613
2011-06-22,38063288,614
2011-06-21,39908669,615
2011-06-20,27500465,616
2011-06-19,43882342,617
2011-06-18,48347824,618
2011-06-17,43084664,619
2011-06-16,43580999,620
2011-06-15,54137313,621
2011-06-14,53199930,622
2011-06-13,47048872,623
2011-06-12,50269765,624
2011-06-11,49045051,625
2011-06-10,44753754,626
2011-06-09,49232229,627
2011-06-08,51577812,628
2011-06-07,60146354,629
2011-06-06,42133167,630
2011-06-05,50805613,631
2011-06-04,46415853,632
2011-06-03,46278648,633
2011-06-02,45369500,634
2011-06-01,37725623,635
2011-05-31,51505285,636
2011-05-30,55568369,637
2011-05-29,36032871,638
2011-05-28,53063481,639
2011-05-27,52618821,640
2011-05-26,54748332,641
2011-05-25,47943234,642
2011-05-24,47101186,643
2011-05-23,51766240,644
2011-05-22,53844572,645
2011-05-21,61196008,646
2011-05-20,43468556,647
2011-05-19,44375008,648
2011-05-18,26569756,649
2011-05-17,29542681,650
2011-05-16,36529842,651
2011-05-15,33661378,652
2011-05-14,34637926,653
2011-05-13,32642529,654
2011-05-12,38573836,655
2011-05-11,29638751,656
2011-05-10,28483581,657
2011-05-09,30346793,658
2011-05-08,35289764,659
2011-05-07,38108121,660
2011-05-06,30612016,661
2011-05-05,30868990,662
2011-05-04,26123325,663
2011-05-03,32233895,664
2011-05-02,25590379,665
2011-05-01,29784839,666
2011-04-30,33634566,667
2011-04-29,35573088,668
2011-04-28,33347006,669
2011-04-27,33235824,670
2011-04-26,33915948,671
2011-04-25,32563021,672
2011-04-24,35961573,673
2011-04-23,34657835,674
2011-04-22,32919759,675
2011-04-21,37552731,676
2011-04-20,32310995,677
2011-04-19,28347697,678
2011-04-18,43523520,679
2011-04-17,37140551,680
2011-04-16,38330452,681
2011-04-15,34347993,682
2011-04-14,35349351,683
2011-04-13,37843606,684
2011-04-12,30704297,685
2011-04-11,27551400,686
2011-04-10,30698204,687
2011-04-09,31803762,688
2011-04-08,30288971,689
2011-04-07,28669504,690
2011-04-06,18195016,691
2011-04-05,40188776,692
2011-04-04,41643841,693
2011-04-03,48759840,694
2011-04-02,37891940,695
2011-04-01,32812030,696
2011-03-31,44041047,697
2011-03-30,50187274,698
2011-03-29,45091310,699
2011-03-28,51978376,700
2011-03-27,42903170,701
2011-03-26,42628352,702
2011-03-25,37244742,703
2011-03-24,46702973,704
2011-03-23,48835866,705
2011-03-22,38648675,706
2011-03-21,34739420,707
2011-03-20,32683218,708
2011-03-19,35434153,709
2011-03-18,36515735,710
2011-03-17,38443537,711
2011-03-16,43924696,712
2011-03-15,43328720,713
2011-03-14,35063970,714
2011-03-13,45410738,715
2011-03-12,45529016,716
2011-03-11,53083271,717
2011-03-10,53434510,718
2011-03-09,39635780,719
2011-03-08,42765202,720
2011-03-07,68684800,721
2011-03-06,56767623,722
2011-03-05,62905482,723
2011-03-04,59653335,724
2011-03-03,56298216,725
2011-03-02,36065486,726
2011-03-01,37990216,727
2011-02-28,38782324,728
2011-02-27,40625967,729
2011-02-26,46218699,730
2011-02-25,42801555,731
2011-02-24,32954696,732
2011-02-23,13490645,733
2011-02-22,8657002,734
2011-02-21,8738278,735
2011-02-20,4941858,736
2011-02-19,33972555,737
2011-02-18,32525876,738
2011-02-17,39372214,739
2011-02-16,33356087,740
2011-02-15,31533578,741
2011-02-14,37935483,742
2011-02-13,29482869,743
2011-02-12,32143915,744
2011-02-11,45544934,745
2011-02-10,30330752,746
2011-02-09,26543145,747
2011-02-08,16504011,748
2011-02-07,18725391,749
2011-02-06,49161479,750
2011-02-05,21742899,751
2011-02-04,29716560,752
2011-02-03,33176801,753
2011-02-02,32269631,754
2011-02-01,33668400,755
2011-01-31,25546282,756
2011-01-30,24832854,757
2011-01-29,33237809,758
2011-01-28,24866895,759
2011-01-27,30941335,760
2011-01-26,30006807,761
2011-01-25,40513158,762
2011-01-24,31682823,763
2011-01-23,27285803,764
2011-01-22,42235755,765
2011-01-21,34062382,766
2011-01-20,40802896,767
2011-01-19,23861417,768
2011-01-18,32211249,769
2011-01-17,33155322,770
2011-01-16,35476153,771
2011-01-15,27332407,772
2011-01-14,34451447,773
2011-01-13,38924592,774
2011-01-12,36034615,775
2011-01-11,31186720,776
2011-01-10,23218697,777
2011-01-09,30737789,778
2011-01-08,28751783,779
2011-01-07,31410126,780
2011-01-06,37785359,781
2011-01-05,29167972,782
2011-01-04,32589003,783
2011-01-03,29564717,784
2011-01-02,29609737,785
2011-01-01,30381543,786
2010-12-31,30221456,787
2010-12-30,25537650,788
2010-12-29,33479894,789
2010-12-28,37703167,790
2010-12-27,27226452,791
2010-12-26,29610946,792
2010-12-25,25087913,793
2010-12-24,33546696,794
2010-12-23,35249122,795
2010-12-22,27545277,796
2010-12-21,38086224,797
2010-12-20,32193986,798
2010-12-19,36266769,799
2010-12-18,37588067,800
2010-12-17,35447359,801
2010-12-16,42863646,802
2010-12-15,33571763,803
2010-12-14,36376621,804
2010-12-13,35061127,805
2010-12-12,34595614,806
2010-12-11,40155907,807
2010-12-10,31500584,808
2010-12-09,39907387,809
2010-12-08,39684765,810
2010-12-07,33182551,811
2010-12-06,28988541,812
2010-12-05,30197523,813
2010-12-04,29812848,814
2010-12-03,44779480,815
2010-12-02,42224033,816
2010-12-01,31254701,817
2010-11-30,37221897,818
2010-11-29,40281460,819
2010-11-28,49255297,820
2010-11-27,33453117,821
2010-11-26,17440027,822
2010-11-25,31297006,823
2010-11-24,34881860,824
2010-11-23,39390452,825
2010-11-22,46215739,826
2010-11-21,41572434,827
2010-11-20,40821296,828
2010-11-19,35697375,829
2010-11-18,38235873,830
2010-11-17,56046032,831
2010-11-16,33676760,832
2010-11-15,34503588,833
2010-11-14,39326695,834
2010-11-13,44104370,835
2010-11-12,34210885,836
2010-11-11,42168266,837
2010-11-10,30560648,838
2010-11-09,40378366,839
2010-11-08,29949272,840
2010-11-07,28815393,841
2010-11-06,45264830,842
2010-11-05,32648881,843
2010-11-04,44369278,844
2010-11-03,38380748,845
2010-11-02,42251722,846
2010-11-01,35934294,847
2010-10-31,37051169,848
2010-10-30,35612007,849
2010-10-29,25383288,850
2010-10-28,29184484,851
2010-10-27,30288437,852
2010-10-26,33966239,853
2010-10-25,29889669,854
2010-10-24,33750777,855
2010-10-23,31649898,856
2010-10-22,30048190,857
2010-10-21,42727943,858
2010-10-20,29402269,859
2010-10-19,33539300,860
2010-10-18,29354825,861
2010-10-17,38159101,862
2010-10-16,38492483,863
2010-10-15,29589935,864
2010-10-14,24591051,865
2010-10-13,37785598,866
2010-10-12,32605078,867
2010-10-11,35448099,868
2010-10-10,40136252,869
2010-10-09,36602421,870
2010-10-08,37523890,871
2010-10-07,32698572,872
2010-10-06,30465033,873
2010-10-05,46535834,874
2010-10-04,25863495,875
2010-10-03,39905106,876
2010-10-02,34410055,877
2010-10-01,37608601,878
2010-09-30,44774573,879
2010-09-29,31911208,880
2010-09-28,50146868,881
2010-09-27,37187447,882
2010-09-26,35664670,883
2010-09-25,39574122,884
2010-09-24,31807311,885
2010-09-23,41318973,886
2010-09-22,21817569,887
2010-09-21,26181305,888
2010-09-20,23426088,889
2010-09-19,33386425,890
2010-09-18,34113743,891
2010-09-17,39287252,892
2010-09-16,33769155,893
2010-09-15,23759642,894
2010-09-14,26802986,895
2010-09-13,35322156,896
2010-09-12,36701906,897
2010-09-11,34114463,898
2010-09-10,27823737,899
2010-09-09,35452237,900
2010-09-08,28828074,901
2010-09-07,32655094,902
2010-09-06,38144889,903
2010-09-05,33582113,904
2010-09-04,16402173,905
2010-09-03,33547818,906
2010-09-02,44742625,907
2010-09-01,48131387,908
2010-08-31,50622873,909
2010-08-30,30390895,910
2010-08-29,44518689,911
2010-08-28,29756750,912
2010-08-27,27776406,913
2010-08-26,32700581,914
2010-08-25,33789561,915
2010-08-24,37702674,916
2010-08-23,39088662,917
2010-08-22,37506474,918
2010-08-21,38042483,919
2010-08-20,37622921,920
2010-08-19,39948695,921
2010-08-18,42119906,922
2010-08-17,40605921,923
2010-08-16,32661002,924
2010-08-15,42290026,925
2010-08-14,45026584,926
2010-08-13,27103632,927
2010-08-12,22873814,928
2010-08-11,40377462,929
2010-08-10,38168536,930
2010-08-09,31828285,931
2010-08-08,39616735,932
2010-08-07,46913846,933
2010-08-06,46377318,934
2010-08-05,33860613,935
2010-08-04,30921294,936
2010-08-03,37091454,937
2010-08-02,33277370,938
2010-08-01,47157224,939
2010-07-31,38172291,940
2010-07-30,30205749,941
2010-07-29,29429265,942
2010-07-28,35782949,943
2010-07-27,44720311,944
2010-07-26,41817576,945
2010-07-25,32194203,946
2010-07-24,41048619,947
2010-07-23,44961936,948
2010-07-22,47805507,949
2010-07-21,41996127,950
2010-07-20,63101499,951
2010-07-19,36262692,952
2010-07-18,35778491,953
2010-07-17,40359357,954
2010-07-16,41643380,955
2010-07-15,43447388,956
2010-07-14,43828351,957
2010-07-13,33430751,958
2010-07-12,36634889,959
2010-07-11,35387146,960
2010-07-10,40722285,961
2010-07-09,26622636,962
2010-07-08,31096732,963
2010-07-07,41911852,964
2010-07-06,40462036,965
2010-07-05,22146770,966
2010-07-04,34068283,967
2010-07-03,45232563,968
2010-07-02,37967583,969
2010-07-01,30692658,970
2010-06-30,58175247,971
2010-06-29,38412825,972
2010-06-28,38013527,973
2010-06-27,28547847,974
2010-06-26,45489352,975
2010-06-25,33150361,976
2010-06-24,39435670,977
2010-06-23,37743120,978
2010-06-22,39119783,979
2010-06-21,44938705,980
2010-06-20,49415853,981
2010-06-19,53299380,982
2010-06-18,31655761,983
2010-06-17,28854147,984
2010-06-16,18255836,985
2010-06-15,27312818,986
2010-06-14,39623697,987
2010-06-13,34095980,988
2010-06-12,44690286,989
2010-06-11,40441898,990
2010-06-10,36934350,991
2010-06-09,41845542,992
2010-06-08,40310211,993
2010-06-07,43796237,994
2010-06-06,48561684,995
2010-06-05,40793262,996
2010-06-04,48631699,997
2010-06-03,52287698,998
2010-06-02,45455724,999
2010-06-01,22840713,1000
2010-05-31,19059711,1001
2010-05-30,20436231,1002
2010-05-29,22969862,1003
2010-05-28,23015315,1004
2010-05-27,21544848,1005
2010-05-26,20674326,1006
2010-05-25,28496039,1007
2010-05-24,17371162,1008
2010-05-23,26812500,1009
2010-05-22,29710564,1010
2010-05-21,23223278,1011
2010-05-20,35002231,1012
2010-05-19,28828287,1013
2010-05-18,43601846,1014
2010-05-17,41664890,1015
2010-05-16,37703457,1016
2010-05-15,43076629,1017
2010-05-14,41549043,1018
2010-05-13,37070091,1019
2010-05-12,52408175,1020
2010-05-11,49863622,1021
2010-05-10,36625925,1022
2010-05-09,40935866,1023
2010-05-08,31657773,1024
2010-05-07,12496365,1025
2010-05-06,75205967,1026
2010-05-05,39939921,1027
2010-05-04,43118559,1028
2010-05-03,41288246,1029
2010-05-02,18313105,1030
2010-05-01,23864107,1031
2010-04-30,30902492,1032
2010-04-29,35829362,1033
2010-04-28,16359783,1034
2010-04-27,25127859,1035
2010-04-26,20019225,1036
2010-04-25,20810300,1037
2010-04-24,20091108,1038
2010-04-23,32260300,1039
2010-04-22,38221312,1040
2010-04-21,31661303,1041
2010-04-20,36042155,1042
2010-04-19,37445441,1043
2010-04-18,27118253,1044
2010-04-17,37705141,1045
2010-04-16,37311175,1046
2010-04-15,36578800,1047
2010-04-14,57482385,1048
2010-04-13,29858224,1049
2010-04-12,44272252,1050
2010-04-11,6070705,1051
2010-04-10,34114177,1052
2010-04-09,29273771,1053
2010-04-08,36256604,1054
2010-04-07,35441279,1055
2010-04-06,47859613,1056
2010-04-05,40568061,1057
2010-04-04,14534715,1058
2010-04-03,17177346,1059
2010-04-02,32063178,1060
2010-04-01,49032513,1061
2010-03-31,39316870,1062
2010-03-30,28108237,1063
2010-03-29,42148234,1064
2010-03-28,33547305,1065
2010-03-27,52220729,1066
2010-03-26,32397754,1067
2010-03-25,38354522,1068
2010-03-24,37072416,1069
2010-03-23,36410193,1070
2010-03-22,26439061,1071
2010-03-21,46852484,1072
2010-03-20,32933548,1073
2010-03-19,56213423,1074
2010-03-18,43510125,1075
2010-03-17,35085492,1076
2010-03-16,53712598,1077
2010-03-15,42400051,1078
2010-03-14,32539793,1079
2010-03-13,31907371,1080
2010-03-12,39608579,1081
2010-03-11,1458017,1082
2010-03-10,1632416,1083
2010-03-09,5153033,1084
2010-03-08,241264,1085
2010-03-07,7666350,1086
2010-03-06,43727337,1087
2010-03-05,16220616,1088
2010-03-04,27614514,1089
2010-03-03,41423359,1090
2010-03-02,44012972,1091
2010-03-01,77040442,1092
2010-02-28,10544313,1093
2010-02-27,17800407,1094
2010-02-26,35544628,1095
2010-02-25,46430235,1096
2010-02-24,36138328,1097
2010-02-23,37448483,1098
2010-02-22,42309583,1099
2010-02-21,31768339,1100
2010-02-20,40982117,1101
2010-02-19,44297156,1102
2010-02-18,32019295,1103
2010-02-17,33565579,1104
2010-02-16,12927340,1105
2010-02-15,30696723,1106
2010-02-14,25016554,1107
2010-02-13,26710842,1108
2010-02-12,30597759,1109
2010-02-11,28732307,1110
2010-02-10,37027215,1111
2010-02-09,28087351,1112
2010-02-08,38623324,1113
2010-02-07,34527555,1114
2010-02-06,36502614,1115
2010-02-05,33812372,1116
2010-02-04,38445055,1117
2010-02-03,26919417,1118
2010-02-02,25878952,1119
2010-02-01,33884065,1120
2010-01-31,37821526,1121
2010-01-30,38570873,1122
2010-01-29,57589034,1123
2010-01-28,39668862,1124
2010-01-27,38264247,1125
2010-01-26,39472364,1126
2010-01-25,32280503,1127
2010-01-24,30348615,1128
2010-01-23,35474584,1129
2010-01-22,27447062,1130
2010-01-21,31553982,1131
2010-01-20,37181966,1132
2010-01-19,38305794,1133
2010-01-18,48194963,1134
2010-01-17,42314700,1135
2010-01-16,46055191,1136
2010-01-15,33590752,1137
2010-01-14,11468041,1138
2010-01-13,47816468,1139
2010-01-12,15520756,1140
2010-01-11,4345454,1141
2010-01-10,5900013,1142
2010-01-09,24687532,1143
2010-01-08,20761784,1144
2010-01-07,12957661,1145
2010-01-06,19705910,1146
2010-01-05,20548373,1147
2010-01-04,14241395,1148
2010-01-03,26427464,1149
2010-01-02,24637958,1150
2010-01-01,19664587,1151
2009-12-31,21931298,1152
2009-12-30,32093025,1153
2009-12-29,14711556,1154
2009-12-28,17880529,1155
2009-12-27,24421600,1156
2009-12-26,26373502,1157
2009-12-25,21305854,1158
2009-12-24,25649099,1159
2009-12-23,24003660,1160
2009-12-22,27131304,1161
2009-12-21,28239636,1162
2009-12-20,32547463,1163
2009-12-19,41971367,1164
2009-12-18,9250365,1165
2009-12-17,14085623,1166
2009-12-16,27866741,1167
2009-12-15,24325355,1168
2009-12-14,17512806,1169
2009-12-13,22976742,1170
2009-12-12,20232205,1171
2009-12-11,27679021,1172
2009-12-10,29515013,1173
2009-12-09,6938356,1174
2009-12-08,47610563,1175
2009-12-07,51925923,1176
2009-12-06,912355,1177
2009-12-05,17997305,1178
2009-12-04,36280111,1179
2009-12-03,29785169,1180
2009-12-02,22279221,1181
2009-12-01,39115527,1182
2009-11-30,31502021,1183
2009-11-29,21833235,1184
2009-11-28,24197462,1185
2009-11-27,19751550,1186
2009-11-26,21440352,1187
2009-11-25,24672434,1188
2009-11-24,37518232,1189
2009-11-23,37332331,1190
2009-11-22,38862540,1191
2009-11-21,26723475,1192
2009-11-20,39481005,1193
2009-11-19,25235817,1194
2009-11-18,28424533,1195
2009-11-17,36827392,1196
2009-11-16,26849817,1197
2009-11-15,37413625,1198
2009-11-14,30140172,1199
2009-11-13,29104575,1200
2009-11-12,29167948,1201
2009-11-11,35356288,1202
2009-11-10,41321266,1203
2009-11-09,40550095,1204
2009-11-08,39122485,1205
2009-11-07,48786366,1206
2009-11-06,57488816,1207
2009-11-05,40098074,1208
2009-11-04,35225982,1209
2009-11-03,44576479,1210
2009-11-02,41693445,1211
2009-11-01,29680611,1212
2009-10-31,41898601,1213
2009-10-30,30501924,1214
2009-10-29,28617933,1215
2009-10-28,30297825,1216
2009-10-27,31663859,1217
2009-10-26,41882192,1218
2009-10-25,34145612,1219
2009-10-24,39520655,1220
2009-10-23,34410425,1221
2009-10-22,45571488,1222
2009-10-21,38057069,1223
2009-10-20,18981201,1224
2009-10-19,3037383,1225
2009-10-18,698351,1226
2009-10-17,27018425,1227
2009-10-16,31302113,1228
2009-10-15,32987802,1229
2009-10-14,33098656,1230
2009-10-13,44751179,1231
2009-10-12,33121046,1232
2009-10-11,20282426,1233
2009-10-10,29802417,1234
2009-10-09,31284192,1235
2009-10-08,29423954,1236
2009-10-07,33867457,1237
2009-10-06,32714846,1238
2009-10-05,31616362,1239
2009-10-04,36474135,1240
2009-10-03,23902499,1241
2009-10-02,27202613,1242
2009-10-01,30665889,1243
2009-09-30,39336885,1244
2009-09-29,27694720,1245
2009-09-28,35368484,1246
2009-09-27,26133971,1247
2009-09-26,28643953,1248
2009-09-25,22900723,1249
2009-09-24,34370727,1250
2009-09-23,26805773,1251
2009-09-22,30153232,1252
2009-09-21,25916325,1253
2009-09-20,30431139,1254
2009-09-19,23890086,1255
2009-09-18,17649322,1256
2009-09-17,29575942,1257
2009-09-16,33808646,1258
2009-09-15,34937955,1259
2009-09-14,27803868,1260
2009-09-13,26105197,1261
2009-09-12,20523709,1262
2009-09-11,28261722,1263
2009-09-10,22591344,1264
2009-09-09,27155610,1265
2009-09-08,27229604,1266
2009-09-07,21567280,1267
2009-09-06,23313012,1268
2009-09-05,20979260,1269
2009-09-04,22245656,1270
2009-09-03,32546612,1271
2009-09-02,27910903,1272
2009-09-01,31586707,1273
2009-08-31,33972645,1274
2009-08-30,38221575,1275
2009-08-29,31936713,1276
2009-08-28,30849935,1277
2009-08-27,26175701,1278
2009-08-26,24906280,1279
2009-08-25,38032927,1280
2009-08-24,26183587,1281
2009-08-23,30619968,1282
2009-08-22,24440460,1283
2009-08-21,22262169,1284
2009-08-20,24629222,1285
2009-08-19,28582229,1286
2009-08-18,18652943,1287
2009-08-17,22001407,1288
2009-08-16,23890500,1289
2009-08-15,27381237,1290
2009-08-14,20244217,1291
2009-08-13,25830763,1292
2009-08-12,21238974,1293
2009-08-11,18546684,1294
2009-08-10,23408904,1295
2009-08-09,22513914,1296
2009-08-08,15466609,1297
2009-08-07,30365627,1298
2009-08-06,25588106,1299
2009-08-05,19255779,1300
2009-08-04,18808433,1301
2009-08-03,20209802,1302
2009-08-02,20430102,1303
2009-08-01,24637155,1304
2009-07-31,20402027,1305
2009-07-30,26391889,1306
2009-07-29,20852375,1307
2009-07-28,17296596,1308
2009-07-27,21861204,1309
2009-07-26,19358872,1310
2009-07-25,19376043,1311
2009-07-24,20032520,1312
2009-07-23,20766456,1313
2009-07-22,26727924,1314
2009-07-21,22254079,1315
2009-07-20,20630961,1316
2009-07-19,23077997,1317
2009-07-18,21322791,1318
2009-07-17,19100444,1319
2009-07-16,20708905,1320
2009-07-15,29645007,1321
2009-07-14,21879340,1322
2009-07-13,20164425,1323
2009-07-12,30029191,1324
2009-07-11,17076533,1325
2009-07-10,22090090,1326
2009-07-09,24686478,1327
2009-07-08,22620755,1328
2009-07-07,15909691,1329
2009-07-06,25185655,1330
2009-07-05,32439097,1331
2009-07-04,16246406,1332
2009-07-03,29297645,1333
2009-07-02,17417411,1334
2009-07-01,23801930,1335
2009-06-30,26731913,1336
2009-06-29,25585495,1337
2009-06-28,18464302,1338
2009-06-27,34662068,1339
2009-06-26,16866041,1340
2009-06-25,19351200,1341
2009-06-24,30976460,1342
2009-06-23,17779838,1343
2009-06-22,26890196,1344
2009-06-21,25578640,1345
2009-06-20,26251212,1346
2009-06-19,22204795,1347
2009-06-18,22857928,1348
2009-06-17,23496699,1349
2009-06-16,4482711,1350
2009-06-15,9714628,1351
2009-06-14,26146903,1352
2009-06-13,21047760,1353
2009-06-12,2735967,1354
2009-06-11,18079454,1355
2009-06-10,22777744,1356
2009-06-09,17882963,1357
2009-06-08,21773758,1358
2009-06-07,17053409,1359
2009-06-06,28177418,1360
2009-06-05,15964155,1361
2009-06-04,21767020,1362
2009-06-03,17725341,1363
2009-06-02,19437166,1364
2009-06-01,21620157,1365
2009-05-31,29167066,1366
2009-05-30,23485407,1367
2009-05-29,20918016,1368
2009-05-28,19065078,1369
2009-05-27,25359036,1370
2009-05-26,23424114,1371
2009-05-25,17885642,1372
2009-05-24,21997599,1373
2009-05-23,27473198,1374
2009-05-22,24117342,1375
2009-05-21,22881230,1376
2009-05-20,14353210,1377
2009-05-19,19258185,1378
2009-05-18,21049944,1379
2009-05-17,18134764,1380
2009-05-16,27370194,1381
2009-05-15,22399419,1382
2009-05-14,23282574,1383
2009-05-13,22056236,1384
2009-05-12,20341896,1385
2009-05-11,25505348,1386
2009-05-10,20815307,1387
2009-05-09,21305747,1388
2009-05-08,22475567,1389
2009-05-07,23318284,1390
2009-05-06,19524537,1391
2009-05-05,24453820,1392
2009-05-04,21576335,1393
2009-05-03,21125998,1394
2009-05-02,22817628,1395
2009-05-01,27502790,1396
2009-04-30,18382489,1397
2009-04-29,16818374,1398
2009-04-28,18618801,1399
2009-04-27,24222079,1400
2009-04-26,26721958,1401
2009-04-25,17033707,1402
2009-04-24,29069983,1403
2009-04-23,26046987,1404
2009-04-22,22947583,1405
2009-04-21,20728209,1406
2009-04-20,23666325,1407
2009-04-19,21779622,1408
2009-04-18,15658878,1409
2009-04-17,16417405,1410
2009-04-16,11064029,1411
2009-04-15,15946382,1412
2009-04-14,15806425,1413
2009-04-13,12732723,1414
2009-04-12,17351266,1415
2009-04-11,19707408,1416
2009-04-10,27303133,1417
2009-04-09,21499358,1418
2009-04-08,12840879,1419
2009-04-07,14933129,1420
2009-04-06,19305377,1421
2009-04-05,21787553,1422
2009-04-04,26923838,1423
2009-04-03,16475046,1424
2009-04-02,19865886,1425
2009-04-01,16172076,1426
2009-03-31,17806439,1427
2009-03-30,19890599,1428
2009-03-29,22771629,1429
2009-03-28,12945769,1430
2009-03-27,13194498,1431
2009-03-26,11448718,1432
2009-03-25,17975013,1433
2009-03-24,19856091,1434
2009-03-23,24350834,1435
2009-03-22,24536288,1436
2009-03-21,23676573,1437
2009-03-20,21103947,1438
2009-03-19,18442666,1439
2009-03-18,22499413,1440
2009-03-17,21713877,1441
2009-03-16,17421366,1442
2009-03-15,19678719,1443
2009-03-14,19946841,1444
2009-03-13,23612096,1445
2009-03-12,10669746,1446
2009-03-11,11323130,1447
2009-03-10,20573448,1448
2009-03-09,21410685,1449
2009-03-08,16537662,1450
2009-03-07,16269730,1451
2009-03-06,15061055,1452
2009-03-05,14794408,1453
2009-03-04,12738136,1454
2009-03-03,19380985,1455
2009-03-02,25234118,1456
2009-03-01,20168959,1457
2009-02-28,17766153,1458
2009-02-27,20716288,1459
2009-02-26,22253568,1460
2009-02-25,12113301,1461
2009-02-24,16206101,1462
2009-02-23,14902498,1463
2009-02-22,37718635,1464
2009-02-21,11512847,1465
2009-02-20,25929686,1466
2009-02-19,9554530,1467
2009-02-18,24284169,1468
2009-02-17,16668189,1469
2009-02-16,20280065,1470
2009-02-15,22966809,1471
2009-02-14,19927079,1472
2009-02-13,15103565,1473
2009-02-12,15861790,1474
2009-02-11,16666074,1475
2009-02-10,16755449,1476
2009-02-09,13757146,1477
2009-02-08,28243555,1478
2009-02-07,25148383,1479
2009-02-06,29099510,1480
2009-02-05,20099174,1481
2009-02-04,13860147,1482
2009-02-03,18092468,1483
2009-02-02,20754076,1484
2009-02-01,19805931,1485
2009-01-31,23443939,1486
2009-01-30,21802204,1487
2009-01-29,21370467,1488
2009-01-28,20627527,1489
2009-01-27,19374650,1490
2009-01-26,14238011,1491
2009-01-25,9015250,1492
2009-01-24,2162498,1493
2009-01-23,12250282,1494
2009-01-22,15160370,1495
2009-01-21,15400316,1496
2009-01-20,17170393,1497
2009-01-19,14431725,1498
2009-01-18,21018609,1499
2009-01-17,13882614,1500
2009-01-16,16558147,1501
2009-01-15,13998759,1502
2009-01-14,3904924,1503
2009-01-13,9496611,1504
2009-01-12,13851765,1505
2009-01-11,20092206,1506
2009-01-10,11968866,1507
2009-01-09,16184723,1508
2009-01-08,15597931,1509
2009-01-07,27117635,1510
2009-01-06,17210896,1511
2009-01-05,19980067,1512
2009-01-04,22348896,1513
2009-01-03,16738808,1514
2009-01-02,14697717,1515
2009-01-01,17950671,1516
2008-12-31,11211226,1517
2008-12-30,13102072,1518
2008-12-29,19621671,1519
2008-12-28,10705599,1520
2008-12-27,13840665,1521
2008-12-26,9916633,1522
2008-12-25,16012198,1523
2008-12-24,15111591,1524
2008-12-23,12490617,1525
2008-12-22,16855936,1526
2008-12-21,12326400,1527
2008-12-20,15030441,1528
2008-12-19,14320730,1529
2008-12-18,13358150,1530
2008-12-17,17119181,1531
2008-12-16,11452192,1532
2008-12-15,22162222,1533
2008-12-14,15071222,1534
2008-12-13,19626475,1535
2008-12-12,18458521,1536
2008-12-11,18051785,1537
2008-12-10,11384414,1538
2008-12-09,16540405,1539
2008-12-08,18123812,1540
2008-12-07,16043864,1541
2008-12-06,10954485,1542
2008-12-05,14205956,1543
2008-12-04,16376563,1544
2008-12-03,16691457,1545
2008-12-02,10936075,1546
2008-12-01,19789129,1547
2008-11-30,13914971,1548
2008-11-29,9593981,1549
2008-11-28,9837105,1550
2008-11-27,10600359,1551
2008-11-26,19174130,1552
2008-11-25,6362538,1553
2008-11-24,15891635,1554
2008-11-23,15854454,1555
2008-11-22,9614286,1556
2008-11-21,21447502,1557
2008-11-20,16237293,1558
2008-11-19,18538923,1559
2008-11-18,13270241,1560
2008-11-17,23683102,1561
2008-11-16,16314466,1562
2008-11-15,11583500,1563
2008-11-14,29039980,1564
2008-11-13,19394356,1565
2008-11-12,22301756,1566
2008-11-11,21970527,1567
2008-11-10,18951925,1568
2008-11-09,15952922,1569
2008-11-08,17294700,1570
2008-11-07,13911914,1571
2008-11-06,13634094,1572
2008-11-05,10307811,1573
2008-11-04,19667476,1574
2008-11-03,22869982,1575
2008-11-02,20245849,1576
2008-11-01,28628129,1577
2008-10-31,11834845,1578
2008-10-30,19101814,1579
2008-10-29,19881240,1580
2008-10-28,20036717,1581
2008-10-27,19172346,1582
2008-10-26,22838332,1583
2008-10-25,19353453,1584
2008-10-24,20975747,1585
2008-10-23,19138118,1586
2008-10-22,14601792,1587
2008-10-21,19565366,1588
2008-10-20,20733761,1589
2008-10-19,24144489,1590
2008-10-18,17338708,1591
2008-10-17,21120208,1592
2008-10-16,21330402,1593
2008-10-15,15675810,1594
2008-10-14,30235877,1595
2008-10-13,20560256,1596
2008-10-12,14125595,1597
2008-10-11,13866459,1598
2008-10-10,22899259,1599
2008-10-09,23085307,1600
2008-10-08,22068969,1601
2008-10-07,23850724,1602
2008-10-06,16603083,1603
2008-10-05,13508153,1604
2008-10-04,7868220,1605
2008-10-03,18894951,1606
2008-10-02,12874699,1607
2008-10-01,16215268,1608
2008-09-30,13743707,1609
2008-09-29,16056034,1610
2008-09-28,13507791,1611
2008-09-27,14676231,1612
2008-09-26,11611631,1613
2008-09-25,8379589,1614
2008-09-24,15308146,1615
2008-09-23,10113394,1616
2008-09-22,11046547,1617
2008-09-21,11578091,1618
2008-09-20,13038192,1619
2008-09-19,18864947,1620
2008-09-18,19135126,1621
2008-09-17,14394092,1622
2008-09-16,15939431,1623
2008-09-15,16263626,1624
2008-09-14,13352370,1625
2008-09-13,13760417,1626
2008-09-12,12640713,1627
2008-09-11,13593951,1628
2008-09-10,13684608,1629
2008-09-09,19108836,1630
2008-09-08,14709380,1631
2008-09-07,20920448,1632
2008-09-06,7692417,1633
2008-09-05,22415761,1634
2008-09-04,24070366,1635
2008-09-03,18161786,1636
2008-09-02,14093428,1637
2008-09-01,17666059,1638
2008-08-31,17875415,1639
2008-08-30,17672984,1640
2008-08-29,11980618,1641
2008-08-28,16482020,1642
2008-08-27,19580598,1643
2008-08-26,16991576,1644
2008-08-25,17638434,1645
2008-08-24,19705132,1646
2008-08-23,18921850,1647
2008-08-22,15124113,1648
2008-08-21,22310718,1649
2008-08-20,14680473,1650
2008-08-19,9145253,1651
2008-08-18,13828240,1652
2008-08-17,23465400,1653
2008-08-16,4095110,1654
2008-08-15,6407002,1655
2008-08-14,500064,1656
2008-08-13,7574411,1657
2008-08-12,14672656,1658
2008-08-11,13549624,1659
2008-08-10,12612953,1660
2008-08-09,6997781,1661
2008-08-08,10334697,1662
2008-08-07,17190759,1663
2008-08-06,10284894,1664
2008-08-05,12424610,1665
2008-08-04,11552562,1666
2008-08-03,9561358,1667
2008-08-02,12075438,1668
2008-08-01,13112632,1669
2008-07-31,8900094,1670
2008-07-30,9424879,1671
2008-07-29,18595686,1672
2008-07-28,13296462,1673
2008-07-27,12838131,1674
2008-07-26,10703068,1675
2008-07-25,9036739,1676
2008-07-24,10661985,1677
2008-07-23,16471773,1678
2008-07-22,20760140,1679
2008-07-21,17548137,1680
2008-07-20,13382450,1681
2008-07-19,10932066,1682
2008-07-18,11655796,1683
2008-07-17,5501917,1684
2008-07-16,13412951,1685
2008-07-15,8752413,1686
2008-07-14,15231459,1687
2008-07-13,9713082,1688
2008-07-12,10742663,1689
2008-07-11,17613269,1690
2008-07-10,17610099,1691
2008-07-09,19892865,1692
2008-07-08,13998707,1693
2008-07-07,10545481,1694
2008-07-06,14747518,1695
2008-07-05,7630187,1696
2008-07-04,7055897,1697
2008-07-03,12495218,1698
2008-07-02,15913860,1699
2008-07-01,9800153,1700
2008-06-30,12492963,1701
2008-06-29,10551308,1702
2008-06-28,17011392,1703
2008-06-27,11684207,1704
2008-06-26,9530130,1705
2008-06-25,7229510,1706
2008-06-24,10658296,1707
2008-06-23,13126376,1708
2008-06-22,16141559,1709
2008-06-21,22081679,1710
2008-06-20,7383775,1711
2008-06-19,10700299,1712
2008-06-18,16154487,1713
2008-06-17,18093934,1714
2008-06-16,12516649,1715
2008-06-15,19274924,1716
2008-06-14,21869281,1717
2008-06-13,12217823,1718
2008-06-12,10329231,1719
2008-06-11,13648630,1720
2008-06-10,4434207,1721
2008-06-09,8497158,1722
2008-06-08,8805013,1723
2008-06-07,11531449,1724
2008-06-06,7261119,1725
2008-06-05,11117563,1726
2008-06-04,11181904,1727
2008-06-03,12311044,1728
2008-06-02,7176970,1729
2008-06-01,12434526,1730
2008-05-31,10769459,1731
2008-05-30,6239900,1732
2008-05-29,13468941,1733
2008-05-28,15046815,1734
2008-05-27,7254704,1735
2008-05-26,11109523,1736
2008-05-25,11849971,1737
2008-05-24,4620462,1738
2008-05-23,11519442,1739
2008-05-22,9285659,1740
2008-05-21,6216391,1741
2008-05-20,4760088,1742
2008-05-19,8578524,1743
2008-05-18,7836717,1744
2008-05-17,4121740,1745
2008-05-16,11460440,1746
2008-05-15,6495944,1747
2008-05-14,13463061,1748
2008-05-13,11531730,1749
2008-05-12,8477463,1750
2008-05-11,10565565,1751
2008-05-10,2061604,1752
2008-05-09,7014123,1753
2008-05-08,12875836,1754
2008-05-07,9330806,1755
2008-05-06,4549184,1756
2008-05-05,7802085,1757
2008-05-04,11712215,1758
2008-05-03,5874223,1759
2008-05-02,5175702,1760
2008-05-01,6316268,1761
2008-04-30,9044405,1762
2008-04-29,4364320,1763
2008-04-28,5299355,1764
2008-04-27,7434122,1765
2008-04-26,8289330,1766
2008-04-25,7871211,1767
2008-04-24,18508787,1768
2008-04-23,5441954,1769
2008-04-22,5956331,1770
2008-04-21,11841275,1771
2008-04-20,10758480,1772
2008-04-19,7280784,1773
2008-04-18,8931411,1774
2008-04-17,13061233,1775
2008-04-16,12388506,1776
2008-04-15,10388468,1777
2008-04-14,13418465,1778
2008-04-13,14707262,1779
2008-04-12,15548111,1780
2008-04-11,17528411,1781
2008-04-10,8851385,1782
2008-04-09,4331497,1783
2008-04-08,10475260,1784
2008-04-07,9599285,1785
2008-04-06,4751380,1786
2008-04-05,6526705,1787
2008-04-04,9967720,1788
2008-04-03,5079986,1789
2008-04-02,3657731,1790
2008-04-01,4735420,1791
2008-03-31,4040564,1792
2008-03-30,4952185,1793
2008-03-29,5683958,1794
2008-03-28,6041442,1795
2008-03-27,4689117,1796
2008-03-26,4676883,1797
2008-03-25,3831596,1798
2008-03-24,10324705,1799
2008-03-23,13098844,1800
2008-03-22,15334483,1801
2008-03-21,8813360,1802
2008-03-20,5088075,1803
2008-03-19,8771340,1804
2008-03-18,9191075,1805
2008-03-17,13213732,1806
2008-03-16,14868554,1807
2008-03-15,10574117,1808
2008-03-14,6047783,1809
2008-03-13,7801305,1810
2008-03-12,3886506,1811
2008-03-11,6579089,1812
2008-03-10,7020988,1813
2008-03-09,5857977,1814
2008-03-08,7409540,1815
2008-03-07,8446933,1816
2008-03-06,5184229,1817
2008-03-05,3567632,1818
2008-03-04,7959210,1819
2008-03-03,7060666,1820
2008-03-02,7284521,1821
2008-03-01,9546512,1822
2008-02-29,7118903,1823
2008-02-28,9330694,1824
2008-02-27,5651469,1825
2008-02-26,7925130,1826
2008-02-25,3905005,1827
2008-02-24,5071382,1828
2008-02-23,13165554,1829
2008-02-22,7898763,1830
2008-02-21,6791882,1831
2008-02-20,7859069,1832
2008-02-19,6256857,1833
2008-02-18,13125445,1834
2008-02-17,2267947,1835
2008-02-16,5033321,1836
2008-02-15,6946941,1837
2008-02-14,5700309,1838
2008-02-13,7313488,1839
2008-02-12,4731421,1840
2008-02-11,6586384,1841
2008-02-10,5910993,1842
2008-02-09,3084600,1843
2008-02-08,12992470,1844
2008-02-07,9517822,1845
2008-02-06,7585611,1846
2008-02-05,7382921,1847
2008-02-04,7797668,1848
2008-02-03,5186039,1849
2008-02-02,3323683,1850
2008-02-01,6618967,1851
2008-01-31,8608631,1852
2008-01-30,8780009,1853
2008-01-29,6496959,1854
2008-01-28,12047162,1855
2008-01-27,5836194,1856
2008-01-26,7051426,1857
2008-01-25,11545098,1858
2008-01-24,6564969,1859
2008-01-23,4600279,1860
2008-01-22,3802410,1861
2008-01-21,5946057,1862
2008-01-20,7609199,1863
2008-01-19,3489995,1864
2008-01-18,6496412,1865
2008-01-17,3894292,1866
2008-01-16,5212386,1867
2008-01-15,3195624,1868
2008-01-14,9398791,1869
2008-01-13,12131734,1870
2008-01-12,11647382,1871
2008-01-11,1925892,1872
2008-01-10,3907199,1873
2008-01-09,3736004,1874
2008-01-08,10058120,1875
2008-01-07,6060872,1876
2008-01-06,12536355,1877
2008-01-05,10744566,1878
2008-01-04,19278508,1879
2008-01-03,9483267,1880
2008-01-02,5895015,1881
2008-01-01,11234877,1882
2007-12-31,3808914,1883
2007-12-30,2303486,1884
2007-12-29,1905329,1885
2007-12-28,7274388,1886
2007-12-27,4176701,1887
2007-12-26,6759327,1888
2007-12-25,7536624,1889
2007-12-24,5669424,1890
2007-12-23,6048833,1891
2007-12-22,8974089,1892
2007-12-21,9433158,1893
2007-12-20,3595895,1894
2007-12-19,7398717,1895
2007-12-18,8794164,1896
2007-12-17,4143763,1897
2007-12-16,9342881,1898
2007-12-15,4274844,1899
2007-12-14,4828752,1900
2007-12-13,8251210,1901
2007-12-12,7738441,1902
2007-12-11,5981652,1903
2007-12-10,10278100,1904
2007-12-09,5929131,1905
2007-12-08,11654683,1906
2007-12-07,12375959,1907
2007-12-06,4739497,1908
2007-12-05,5027550,1909
2007-12-04,4465008,1910
2007-12-03,2845041,1911
2007-12-02,1403910,1912
2007-12-01,5865381,1913
2007-11-30,10706203,1914
2007-11-29,6001270,1915
2007-11-28,15067951,1916
2007-11-27,15262339,1917
2007-11-26,5330609,1918
2007-11-25,5749701,1919
2007-11-24,6962810,1920
2007-11-23,2794519,1921
2007-11-22,4534181,1922
2007-11-21,1885454,1923
2007-11-20,1719737,1924
2007-11-19,3771782,1925
2007-11-18,3747185,1926
2007-11-17,5803221,1927
2007-11-16,2291617,1928
2007-11-15,2165813,1929
2007-11-14,2843438,1930
2007-11-13,3984697,1931
2007-11-12,4978095,1932
2007-11-11,3602663,1933
2007-11-10,3645280,1934
2007-11-09,2441424,1935
2007-11-08,2227562,1936
2007-11-07,8500359,1937
2007-11-06,2816881,1938
2007-11-05,3655772,1939
2007-11-04,2606013,1940
2007-11-03,2206870,1941
2007-11-02,6441488,1942
2007-11-01,11026876,1943
2007-10-31,15023135,1944
2007-10-30,4772114,1945
2007-10-29,9051599,1946
2007-10-28,2465613,1947
2007-10-27,6826481,1948
2007-10-26,9269559,1949
2007-10-25,5068282,1950
2007-10-24,5772549,1951
2007-10-23,6677044,1952
2007-10-22,3892870,1953
2007-10-21,2759870,1954
2007-10-20,3571968,1955
2007-10-19,6305786,1956
2007-10-18,2925550,1957
2007-10-17,6442280,1958
2007-10-16,5474069,1959
2007-10-15,3225605,1960
2007-10-14,3434298,1961
2007-10-13,2922815,1962
2007-10-12,4735890,1963
2007-10-11,3682757,1964
2007-10-10,3009407,1965
2007-10-09,5098026,1966
2007-10-08,3870113,1967
2007-10-07,2412491,1968
2007-10-06,3634944,1969
2007-10-05,2904979,1970
2007-10-04,2415256,1971
2007-10-03,5979917,1972
2007-10-02,4464967,1973
2007-10-01,3404480,1974
2007-09-30,1966951,1975
2007-09-29,4448544,1976
2007-09-28,1896546,1977
2007-09-27,3874217,1978
2007-09-26,5134965,1979
2007-09-25,3280553,1980
2007-09-24,3400269,1981
2007-09-23,3256801,1982
2007-09-22,2816273,1983
2007-09-21,5092422,1984
2007-09-20,4508607,1985
2007-09-19,3627682,1986
2007-09-18,2653788,1987
2007-09-17,2630592,1988
2007-09-16,5802544,1989
2007-09-15,3060374,1990
2007-09-14,3938611,1991
2007-09-13,3446355,1992
2007-09-12,2640191,1993
2007-09-11,3359114,1994
2007-09-10,4710305,1995
2007-09-09,3599411,1996
2007-09-08,2554775,1997
2007-09-07,2537423,1998
2007-09-06,3185658,1999
2007-09-05,1952997,2000
2007-09-04,4489870,2001
2007-09-03,3898161,2002
2007-09-02,4624912,2003
2007-09-01,7955026,2004
2007-08-31,2389395,2005
2007-08-30,2032536,2006
2007-08-29,4066223,2007
2007-08-28,3766102,2008
2007-08-27,3162554,2009
2007-08-26,2477903,2010
2007-08-25,3246097,2011
2007-08-24,1835874,2012
2007-08-23,3707761,2013
2007-08-22,3654912,2014
2007-08-21,4502343,2015
2007-08-20,3077001,2016
2007-08-19,3806256,2017
2007-08-18,6058211,2018
2007-08-17,3381310,2019
2007-08-16,2715919,2020
2007-08-15,3469768,2021
2007-08-14,2473998,2022
2007-08-13,3908579,2023
2007-08-12,3036686,2024
2007-08-11,2958480,2025
2007-08-10,4045390,2026
2007-08-09,4547270,2027
2007-08-08,5217784,2028
2007-08-07,6547677,2029
2007-08-06,2193364,2030
2007-08-05,3182765,2031
2007-08-04,3679942,2032
2007-08-03,5336101,2033
2007-08-02,3428637,2034
2007-08-01,4870769,2035
2007-07-31,4674207,2036
2007-07-30,4334100,2037
2007-07-29,3716278,2038
2007-07-28,4891800,2039
2007-07-27,2384386,2040
2007-07-26,6465982,2041
2007-07-25,5747883,2042
2007-07-24,2413397,2043
2007-07-23,275922,2044
2007-07-18,1054158,2045
2007-07-15,557684,2046
2007-06-24,492261,2047
2007-06-23,511269,2048
2007-06-04,754463,2049
2007-05-30,447221,2050
2007-05-29,271797,2051
2007-05-27,1202254,2052
2007-05-26,1271217,2053
2007-05-25,120838,2054
2007-05-24,843437,2055
2007-05-23,1870267,2056
